ID,142091,197445,5546957,6101090,6101207,6165501,6165474,6231987,6504314,6597530,6598066,6597531,6671384
유림어린이집,957.331130980616990,1548.349637740030630,1416.089725808032199,820.355238091399087,2296.978764992952620,3198.440551015587516,2986.430713818515869,2948.679533589343009,1203.876460267882749,2014.776225985938936,607.408226631626007,1134.837441309126234,1239.139577528013206
미소담어린이집,1142.769583359044418,1583.668633962618060,1372.430708983634077,685.303474506084399,2229.259243377856365,3102.038144335969719,2867.797849810068328,2912.739544073578600,1361.491458542181590,2030.137993287070685,730.261012855391868,1300.206929778674748,1404.415110106587690
아기천사어린이집,275.817779536769649,1678.231623842650833,1910.005813727864052,1689.879093139011047,2785.482425487974979,3764.643266405800659,3656.613623326790730,3251.563561967110218,685.261429118648152,2158.338704121484625,812.999059870358110,576.809197724894602,629.016487486217216
구립 한빛어린이집,155.911528587316525,1560.473138470808635,1810.145764745213683,1633.322304210464154,2679.126644608999413,3660.624847520396088,3561.608482042458036,3134.308694379967619,563.661757278917207,2038.630163113298067,729.408784575345180,454.780830189087112,511.053534776873676
까꿍어린이집,154.380421465759127,1540.119585460069402,1817.087840595176658,1677.145692440346011,2676.883695693139543,3660.844844334748814,3572.210239646155969,3113.638505975288354,512.324213566957837,2012.600958707955442,757.806568412176375,406.214214215175218,450.361632335476429
진영꼬마숲어린이집,366.206057912607150,1323.948719979051248,1448.271767329247950,1190.527404015199409,2340.666431969393216,3307.692952584655359,3175.992612702708357,2869.865838386773703,634.309734825866030,1816.459205071097585,332.756990854612070,550.246877371223150,652.863190550747731
화동교회방과후어린이집,83.141315778722074,1484.972841660565564,1747.042419787450171,1600.224744396118012,2611.131653881985585,3593.976502935631743,3500.967688425276719,3058.925916440288802,485.955103785801498,1961.695065599962845,681.380031267231629,376.734308127297197,436.909278072911832
구립 배다리어린이집,1334.544067301953646,1407.888967558660852,1082.990944709903715,323.869520585939483,1901.452099906726062,2750.241242171403428,2507.043295439306348,2614.034388745463730,1453.839888507232217,1810.024422382223520,794.595298558309082,1417.158511982790060,1516.940968865448212
해다미어린이집,109.322493019597559,1352.664608312089968,1580.106678420246226,1424.378142188530092,2452.479619259339870,3432.492612033907335,3330.850715668360408,2923.892586423000466,452.560713819686669,1837.375568207364950,503.162098829043543,348.981898862282094,440.251899110698162
천사어린이집,832.074692137657507,1222.422610940266850,1139.703047854511169,719.811122657490841,2035.487077880793549,2967.367115240341718,2791.028417203639492,2653.790176273994803,972.660832945013453,1693.367362065691168,320.831202805818691,924.901973316008366,1027.099341604113533
썬에듀스쿨어린이집,1319.588560301213647,1361.664660312512751,1038.068951885225715,297.316687185370085,1861.442770040302776,2716.512651635018756,2478.735523926799033,2570.606965418681739,1426.424513080015686,1763.235713388084378,768.757083854231269,1392.584842077267240,1491.499493456218715
에반어린이집,593.489007466121052,1170.705049610158312,1216.596301443742504,940.886780158784177,2114.613804653827174,3072.322286570675260,2928.203926755935299,2678.353206126021632,736.769226411493491,1659.349811964637183,142.274443854982763,682.444318055580652,785.597427852998294
구립 피노키오어린이집,320.696507850195644,1209.419530904598787,1382.755358597771192,1213.001512650421546,2265.285123079496316,3240.292475591582843,3127.004655472648210,2767.971305625650075,502.381213161405356,1700.773424448541618,288.438869931321278,427.473881962631140,531.721311106017424
까치산어린이집,549.035326939816173,1145.881444210157497,1221.110443234952982,983.474246587665448,2116.700142231472000,3079.542704229678293,2943.818746302081763,2666.751864403835953,679.517826344674290,1636.513669915693526,115.036811748190814,626.005662822342629,728.945939749526019
달님별님어린이집,352.435188855606839,1539.782316744348236,1899.017918631428302,1863.153376237283737,2723.037270544401963,3710.394828273381336,3654.322097390517229,3097.397590802499053,454.913190909706600,1986.095121971333811,922.887474728603252,383.634684935529719,360.819554858222602
수잔나어린이집,879.766110487240212,1142.656349117919945,1043.434908074941404,655.229209432019275,1939.116995111606002,2871.993299562366246,2698.924484907860005,2559.568009230084044,978.712049457928288,1608.174719221816986,318.792878649669888,941.090566984459656,1040.766288876000317
구립 뽄다어린이집,1271.554244992502845,1219.273301599837168,906.774834924538027,267.510300228873689,1748.777655931008667,2625.329482547223506,2406.398667590849072,2444.218617898312004,1339.043849850581864,1621.351908733103073,692.280593477277648,1314.192338482075229,1409.948401100253932
소라어린이집,219.768870606863999,1354.433373009653224,1692.839052481752788,1665.166616454530640,2524.815997021382827,3511.938479882528100,3449.137217638629863,2921.406746102947636,285.178249570436719,1813.237734451797905,723.392891362472142,190.945734016073800,212.218658072483379
구립 새하늘어린이집,1183.970558476830774,1133.602738953796461,866.644245494314077,348.689509140276698,1731.950775608737104,2630.061875137552761,2428.831998648563513,2406.944220363262048,1236.108413144806718,1550.122206282506795,595.144300764056538,1214.005181980126508,1308.609159672231954
꿈을여는어린이집,462.207227786304145,1498.188701524581120,1899.025140553608708,1926.008624767683841,2698.399675552546341,3684.782822945183852,3647.086604990076466,3038.459112314755657,425.721025614578309,1926.690650042891093,985.011025055758637,387.626787711374959,327.048807946758075
구립 신태양어린이집,286.048807264585719,1122.395855468758100,1386.953938101504718,1337.916506099274329,2243.622336957173502,3227.567205197101885,3143.714203084316523,2695.389483088357792,299.388333717556861,1605.025375842498761,398.018586734548819,234.207383792005146,337.704784520510884
근로복지공단 곰달래어린이집,546.125575646096877,1551.695049751761871,1969.028725217824785,2011.147265888430184,2757.806890029305123,3743.112072047313632,3713.099608812003225,3080.226553385852640,494.204916496889268,1969.659839627234305,1070.633684446522693,466.751634401394369,397.058672562220011
아이뜰어린이집,928.494454698637810,1001.200504437445375,900.041552306447670,617.419401425718661,1798.026735858555867,2738.886883670660609,2578.511490209051317,2410.905320336980367,960.117104282785931,1461.638640703275314,326.564513202944340,938.995997495086499,1032.873935821167834
도토리어린이집,389.359377931983033,1398.004717711459989,1788.620459767920238,1818.671971998409617,2593.318616023217146,3580.179113612771744,3538.182695157570379,2946.594338727457853,318.034797428956324,1834.651679152347242,878.974485648996279,275.656400197999460,219.296302362891225
예꿈어린이집,1486.626678556291381,1227.574449454800288,803.542176693374699,58.277440582905342,1584.494512915994619,2426.673497506327749,2189.759452315921408,2312.277009786196686,1516.841805581795143,1576.915460468946321,892.311961408419165,1503.002320288036799,1594.311218918085615
늘푸른어린이집,1173.152291896648421,1043.923919454575525,786.924041306937170,376.460836039464141,1661.809786303895407,2571.857697890411600,2383.261404136332203,2326.245219885917777,1194.472152543110042,1460.204348742764296,572.451154085894245,1179.713372994711790,1271.172119729350698
제일어린이집,448.032436950831254,1299.282775906936877,1713.137319560642482,1792.064139275299794,2502.016300536553445,3487.863764974749301,3456.025452925280206,2839.762529712008018,239.990602208322059,1727.869556753319330,861.920255953256856,237.832529407725275,147.414482112645914
어린왕자어린이집,832.349953438986404,837.222595953672226,864.952466533153483,790.343032313238382,1759.010325600914030,2724.377945542931229,2600.213200862516260,2318.183879160969354,784.189800647906395,1316.686018834666584,250.619455370037343,779.995686042526131,865.702056110190370
꼬마궁어린이집,472.632326484054147,1255.210880130005989,1677.370046218660718,1775.664872771647424,2460.161367734412579,3445.533897036350936,3417.258890794875697,2792.917388472995299,210.826791628174306,1681.116308465295788,851.724915168443772,229.839066975384213,129.077767783835043
새소망어린이집,451.469766297470244,955.076796252340728,1272.825674162214227,1333.202996397272273,2105.338602470512797,3092.047051105897481,3028.173010317061198,2528.916110637991096,237.972563059060406,1431.563084088330015,436.319005223759632,248.622398527570482,321.843453800003033
해송어린이집,607.525962292859731,833.748316874728857,1062.202940537604945,1103.113816049361503,1920.583542490951686,2903.403583252969838,2819.320796632470319,2395.783547356384588,473.494061445326565,1325.160232244667441,275.843812731785363,481.049413804511119,559.069982822244015
아이린어린이집,757.228850776441163,790.284933368957354,910.658112130364430,915.491190757281743,1790.954175849233934,2766.297726307138873,2661.915041284430117,2313.540183706286371,665.511529172042060,1279.650996511197036,242.754146213874691,669.739713262360283,750.554428907011470
예솔어린이집,816.348935774185293,775.263212723585184,856.668625125181620,856.400475219465420,1742.308720208393197,2714.654076263402203,2604.443356728706931,2279.420295290753984,729.197275229762340,1260.188664747356597,273.160328564040185,734.274159049575246,814.799574929308164
파랑새 어린이집,1294.230608756619631,917.418973306814792,593.271892573107380,379.430426615388797,1464.695734313151434,2379.168362944873479,2201.340829220464911,2133.591276900574030,1254.649262715498480,1300.478094157940177,689.065423239315464,1256.472917845118218,1339.678816387984853
늘품어린이집,849.012387770114287,735.920019439814041,820.052600842865445,854.490429044746293,1703.422983707112735,2676.981362512780379,2570.282094102269639,2238.117641372462913,744.154041355714412,1219.842739076050066,314.331456725915132,754.748029733654789,832.067645040857201
구립 라온어린이집,518.996508953541024,1131.666197213301984,1565.171693888234131,1703.263920292687317,2338.654514314361677,3323.427174636103246,3299.688454544046181,2668.730813104744811,140.168500105910255,1556.865144094881771,799.415294705207430,217.082419817025396,125.346108476920946
수성어린이집,1324.204491218639760,866.034240207825064,526.469456149764483,418.863806879993035,1400.949697408197608,2320.750405025756208,2150.315238995284290,2066.750977520583092,1263.372124191820376,1238.752171904803618,721.984309846294309,1270.926016432207916,1350.853142352064879
구립 샛별어린이집,919.847993079499815,696.609084350226340,749.814767517606811,813.987412903500626,1635.244092780874325,2607.476652425194061,2499.439216105201467,2178.953821707784300,805.282397708781559,1174.017228787470231,377.026895888678780,820.270439824299729,895.007298533965240
단향어린이집,856.125412916372397,681.160336644233780,808.232341910295077,903.125272629155916,1681.376891801607826,2659.274743322873292,2563.691934338552983,2198.634077679199891,718.067845475775357,1168.336737897610647,356.206217398726665,737.590747893393313,809.192605779797532
캥거루어린이집,1626.578341897408563,1063.918217073031428,543.359518335660141,323.484239627789123,1282.351175078573760,2133.656923920797908,1916.233307701150352,2016.928792816907162,1578.036032519630908,1346.816027705434635,1020.929688289634555,1585.036875784067661,1665.518521432473563
쁘띠아미 에꼴 어린이집,569.503016939129452,1019.489121242059355,1459.945085224443801,1631.946520301959254,2227.072502116167470,3211.575580474799608,3190.235888151925792,2558.676423511016310,142.046384685125048,1446.706835955848874,753.422811532566925,250.153985109294922,195.559509873735493
애솔 어린이집,919.410820812599013,640.908038234663991,744.946824623387101,871.954014770419235,1619.215082393725424,2596.460594493625194,2500.508484689712986,2143.369912210823713,773.564774799836300,1123.477037380331467,408.972029383663653,796.844012010151459,866.037499874000787
명지어린이집,605.979915308377372,1059.297512882139245,1518.135186096671077,1704.289280298680978,2271.856234364426200,3254.512806967752113,3241.277620191272945,2584.187972304543109,192.920216948541139,1473.029937724855245,825.086517890430514,292.374711270197395,215.340403357059444
BeBe스쿨어린이집,813.717795662019967,644.626197620842618,863.991489775095033,1018.074288377527068,1714.315002123514432,2697.935371109200332,2620.798217008037682,2194.700740696718640,626.675016533111716,1137.067400272542045,394.740188473974172,658.296696960403210,721.211012158989547
해바라기어린이집,642.689969204328577,993.897115956182233,1459.970830665183485,1669.745157834410747,2207.297240196866824,3189.449008818792663,3178.740341120779703,2518.144800670793302,216.100621191399910,1406.886541936547928,809.319848923526934,323.742704844056618,261.998778351976057
석란어린이집,977.680694890198652,484.199351913621967,722.551857156496681,1009.874019512144741,1552.622759245565931,2538.102239736147112,2473.477685224140259,2025.802996118366309,752.365524434861413,974.869944080969958,547.883362187121747,799.041534598321846,850.170524911581879
새서원어린이집,1547.874091422276251,779.812073900838755,273.164421042814183,571.670534518313843,1121.856095261037126,2044.075050061565207,1888.435505096041425,1803.245970646642263,1426.583039397833772,1059.936269017035102,961.334626913364445,1451.842851414868164,1520.343382396790048
아름드리어린이집,1137.727834942248137,409.522499646658616,554.161654333873116,934.197196257415726,1390.279809217100137,2374.112284216503213,2304.811531291511528,1891.661894362992825,920.805515383028137,877.908584004994054,661.330465590141898,967.727689221391529,1018.774163472994360
구립 하늘마음어린이집,868.227720945615260,574.019060158261595,1034.958990579839337,1363.432435498446694,1778.457245310484268,2762.994793461242807,2746.018415454173919,2133.135769678364341,512.593632978772462,1025.118190803359539,689.232095953925523,597.664515986376500,607.828649899536686
배광 어린이집,1132.255045055680739,1520.562759974224036,2078.246110551847323,2363.251519333054603,2715.943012762766557,3667.123829200848377,3720.781771523791576,2865.505503677672095,831.370361656540467,1809.547664260588363,1487.550084180112208,894.151952986078754,789.940413340339092
새빛어린이집,1978.255823447708963,1159.842269280575465,539.680113230633992,665.488997334218766,980.809259762463057,1764.824949796792680,1531.418173240248507,1759.315399484795535,1881.671615636685374,1302.226925573486596,1377.648773900305969,1903.027312584802075,1974.469064283449370
개구리 어린이집,912.250766223689766,512.817161252085725,967.230147844437852,1315.968087321357871,1712.561705050307182,2697.704226938226384,2678.288397098344831,2078.230776852806684,572.282073126177579,973.441451615970550,686.107853041428825,652.816281582585589,668.807282171238398
화곡꼬마천사어린이집,1357.491621702405837,496.154214097605006,307.410363902274923,788.381840748173545,1188.265165437332826,2160.225837552983648,2064.577652349590153,1766.289492935519320,1174.632875800024976,863.113140062850221,820.431844906199444,1214.683272676073784,1271.697314563271220
예원비전스쿨어린이집,1140.387382133261553,351.042932261175963,584.865277788593403,1006.238865931413898,1392.153721410862545,2378.521266727387228,2323.425530473574781,1865.738969502475356,897.974255462357291,830.808555333010304,695.219228483655343,952.160047957293727,996.621996895176949
아띠어린이집,1239.306080825083654,324.177201596045052,483.093112505228135,973.874548310737623,1290.385309055851621,2276.088642564825932,2218.724815713857424,1782.124276677250464,1002.675771877981560,775.231881929308315,770.845805969897242,1056.389394530770687,1101.323475079163472
은도어린이집,1551.443558382452920,597.010242698251773,118.678845770696384,770.000466029976678,1018.084315011907847,1977.303289084645485,1867.831620534984040,1647.772182913070765,1374.991312121468582,856.898525210072080,997.696161034831789,1414.927498384612363,1472.126764806952906
숲속나라어린이집,1236.032829471837204,269.809921664025126,524.728609166126148,1037.404885327312968,1301.507757991585549,2288.641846401068506,2243.965640929612164,1766.329558462308796,979.538276153057609,737.121000394861653,793.257100558449224,1038.856362461681783,1078.363212549894570
리라어린이집,1117.057519701356796,293.518641729948570,788.152818234724350,1262.743638767035236,1495.609109478546998,2479.558319952881448,2469.011306504189633,1864.162459242631257,792.111741310153434,766.808646909299682,802.844994291976832,870.378503679733171,888.824490328507977
동성어린이집,1291.700419673865326,249.311276513028190,479.890692425318321,1037.846591691176400,1245.549119244456961,2232.724015543384212,2190.062791287498385,1714.316362375650897,1034.578511950052189,697.030301058852274,841.831493685994246,1094.617584643096734,1133.400882686331215
해아띠스쿨어린이집,1230.724678886364927,196.834665031331468,610.676229433236699,1146.458515173231945,1334.988798922354590,2321.579158463347540,2297.828295761115442,1751.634744019761229,941.193420207969439,687.217685310879233,835.607412371731016,1009.994846948921577,1039.517566659278145
아이큰숲아기학교어린이집,1034.001109703637439,578.000328073723722,1141.124973679737877,1573.732921770401390,1789.666052368541614,2760.327930317251685,2784.271661604979727,2053.769778346175826,627.623383159499440,944.852408095654823,928.324090805480751,730.876269178367238,707.732035512889524
초록어린이집,1082.653893086389871,424.457149883502211,980.308064896920314,1444.546059774661671,1640.829321908993961,2616.703159146278267,2630.116200317168932,1941.442464408549085,706.762508822361383,829.543083003770903,880.448712752391657,800.556925789770162,796.559400691888300
아이큰숲자연학교어린이집,1045.923567656791647,604.118273662434831,1174.005014744840537,1610.612139821060509,1812.260069889462557,2780.391627994237751,2809.271159653370432,2063.395505266944383,633.847701252789875,956.912379194008622,958.211157959310071,738.927551840888555,710.664126202093257
뽀로로와친구들 어린이집,1153.073032149260143,279.738394826447802,821.163188530016214,1324.751481951747564,1494.898394360374368,2475.440083204007806,2477.504315581863011,1835.705499494148398,811.075306800993872,730.832116732168174,862.589708640893832,894.850488583490460,905.985079040492110
하얀마음어린이집,1185.235971784321237,253.700187149625549,811.519432134777617,1335.806149425375224,1470.426794356244955,2449.682653343784750,2455.923311070614091,1804.555545542287518,841.347489427057553,698.945961384324505,891.853997908102315,925.936850124999523,935.877225290619890
진양아이어린이집,1491.415081134345883,355.324621382261512,271.804598924785694,981.345011501985141,1036.784461087792806,2021.729743201058454,1967.526016507420309,1563.531775967955809,1254.657848354237331,649.669493731826833,996.588344990096175,1310.596655907967033,1353.443149802294101
구립 아이나무어린이집,2152.298590469260489,1169.154941960433007,565.395700698704445,919.544457361660420,739.200653053619703,1512.107716093663839,1300.314414278267122,1529.431965462163362,2013.384639895425380,1210.233122710022826,1563.384778082291177,2046.487971424065108,2109.355060139285797
초록영재어린이집,1195.287779475796697,320.528584645309195,909.185290509260426,1439.585675656763669,1530.814652345551849,2503.153079473191610,2525.722654196860731,1821.147182845024417,826.051687316324092,709.278206419266098,953.468282038859797,918.418618454097327,916.483037508504367
보배어린이집,1848.001798059275416,735.266928804305508,183.920667444189974,940.910495536396525,725.433384247357935,1676.980309029717091,1575.361376675886049,1404.541505455462811,1651.291788258463384,811.352346722911079,1298.092829120304486,1698.399707042191267,1749.518563447982615
열매어린이집,2008.928647763081699,915.222024291827211,352.345880631037176,971.052755967463668,635.623701349367479,1541.820149471027889,1409.813955415271721,1378.239446716449265,1827.201950131566491,940.696636321030041,1444.394925677570654,1871.023770997486736,1925.058823731864095
구립 푸른솔어린이집,2410.326335462891166,1392.603393684222283,810.079886715082921,1126.501773849781785,700.265892761572786,1316.351287513550005,1061.514969331843531,1492.085402703180080,2269.885687118356600,1368.159606979885211,1819.672228516946689,2304.238948885293212,2366.177663508000933
해피엔젤어린이집,1350.179270425580398,186.616057801939036,807.591479097312799,1427.208550889935850,1367.936294625160144,2335.806738663400665,2368.697364617255516,1651.745280335220286,993.006289313454204,540.746572738689451,1056.057548593508955,1082.501335499218385,1084.873499144029893
아이파크어린이집,1341.825582651166314,1099.198809375626297,1711.082237840745393,2183.197573541382098,2223.195328350280306,3143.058039457968334,3236.903107175874538,2298.760030977279712,925.204909801229292,1284.578132116452934,1458.884848701774899,1029.188490733104800,948.336102850843758
구립 하늘숲어린이집,2310.433773938963441,1218.968650722530356,667.184378312175227,1134.384222021661799,546.127323748720642,1300.608508350015200,1114.756927516135420,1342.999420993490730,2141.456257056342565,1170.755825668705938,1733.538463736279027,2182.978800631384729,2239.031748448656799
근로복지공단 강서어린이집,1987.853342493857781,789.954655869408953,336.847524123085861,1095.507766510261490,563.154310920393414,1526.551692420559675,1451.658818396789457,1245.164827211434385,1769.975811838377922,761.081887143791846,1450.485976967015858,1823.354453041544048,1868.701544694950144
화곡어린이집,1538.525351803375770,145.981315099841794,665.501038156573941,1388.882092130846559,1140.474433523814014,2106.935939066000174,2144.485156325985827,1443.600665842325952,1203.625058906096228,348.908379233023595,1178.004639611472157,1287.458266421781445,1297.992445521605532
예심어린이집,1779.434916447635260,432.031313645715557,420.993266446018254,1254.427959005264938,786.051960265901130,1768.766555721116674,1776.212460072002159,1234.115182789856817,1497.214959737407298,393.751390275784217,1319.021792825131115,1567.251593919381776,1595.169261679884812
구립대우주어린이집,2479.653877800240934,1345.738123525201217,826.045585992523570,1301.359465465827270,472.744832895619709,1129.612513356089494,941.484128855457016,1258.260184489538233,2300.299005129970737,1241.165072789959822,1906.318926147502225,2345.025522566664222,2398.335225008996531
아이샘어린이집,1576.953470004114251,220.780537291796804,750.919624712564428,1480.100400434826724,1168.650818161172538,2122.073562897383908,2178.889814125491739,1418.631552245920602,1225.910040555797423,308.155267002443566,1243.418352122332180,1314.489051123685613,1317.973402942801386
구립 늘사랑어린이집,1579.429925353221961,1336.328945649414663,1955.986515934132512,2457.902651499962758,2403.383605587937836,3290.613205976050267,3415.948193760847062,2397.029701389178172,1176.249987006507581,1453.925378374509819,1733.684334006470408,1275.582824734819042,1187.228868411981921
새빛아이어린이집,2221.277048517753883,975.984326327764848,572.113176375016678,1282.974264664605698,332.875604385034251,1291.158455131261235,1235.472912663015222,1069.651153563599337,1993.053728999472241,835.282154598723537,1686.463024880176590,2049.985484921724947,2091.877719235757013
초록별어린이집,2409.039381754141687,1213.782816067500335,744.684717771084024,1329.800435468798696,326.948896139846340,1133.691492178239969,1016.698874583628253,1123.822642117977239,2204.880142584472651,1076.308206113116739,1852.060959043791172,2255.951016935114694,2303.505312530538049
주연어린이집,1653.409459315214235,326.597724344198923,838.123586414757256,1583.765501716224207,1177.429697322483435,2111.275123071964572,2191.224543111276034,1364.912907732551957,1288.956066181458027,258.221875062098206,1341.115700272643608,1381.557334448103347,1378.408668481476525
꼬마숲어린이집,2391.723152462340749,1166.970938062145706,729.923784545321610,1360.063303989281167,264.274928571656574,1132.752849789510265,1047.934888742395515,1060.116172502222753,2175.550890791997972,1008.319175075275780,1843.732349497048745,2229.752359569699365,2274.326452817497284
하얀돌어린이집,1652.079979343832292,1228.366162141245923,1850.364011879989221,2405.395323397528500,2245.972460347953984,3117.419669297136807,3255.717380391854476,2211.884507449105058,1233.313678702275865,1296.376178429072752,1739.933540748854739,1338.338657156888530,1258.738918490136030
별나라어린이집,2185.523338433464232,876.036908815055540,589.684987873660589,1372.288378729143460,346.381927736120872,1333.646841216466328,1334.735735057440706,968.133627339078998,1929.162790964177930,675.760237961474445,1678.110491235319387,1993.519081834103645,2027.711870169165650
강서힐스테이트어린이집,2164.617390722652999,844.642217222595605,585.175818705296820,1380.704796789196507,373.768219469144924,1359.616188296058453,1369.291112299517863,962.596804645644397,1902.978370332630675,636.422356195455563,1663.381948494675726,1968.694568090086477,2001.406168679297252
구립 이든아이어린이집,1706.113171275048899,467.313220646619584,1001.575895007442568,1740.522797006112796,1284.995741560486294,2189.194127296919760,2297.458777779810134,1382.040374636412480,1319.568452005958079,335.456078788114780,1443.789932270097552,1418.474819415651154,1403.362225276984645
엔젤어린이집,2114.933039881904278,762.068805407497621,599.978675111469556,1424.614202231356103,461.299586181802908,1433.960827931281756,1470.819895559435281,943.239369201615432,1835.716210535418213,517.255176825373496,1635.315832664894060,1906.034828908967484,1933.548058225405839
주영어린이집,1720.282823938777710,1275.876401054603775,1897.253219608129939,2464.960211382403941,2269.608013140247749,3129.139897312006724,3276.836887318755998,2211.332509513564673,1302.019641744083856,1321.682078409518908,1807.441868339011307,1406.890500306897366,1326.840634788789430
구립 우장숲어린이집,1898.072160659199426,493.507688398952723,697.964417821436086,1527.257913314685766,832.977258048989484,1767.526563354734890,1846.942204353242005,1080.565405698991981,1569.322876017809904,136.158874052293925,1499.241860170142900,1652.584816343842704,1663.657433896262546
두빛나래터발도르프어린이집,1666.799352468709913,1038.329522620258331,1656.391496417289773,2261.232739277477322,2012.699614515595840,2879.963328154967257,3020.894635314760308,1978.785849687634709,1238.306001348614473,1064.333017509279216,1669.958980365466687,1347.364017919871003,1281.265863742168676
강서햇빛발도르프어린이집,1709.612818566863325,584.350765511434588,1149.551520147441124,1865.803189885997654,1430.497531753210978,2316.660547946314182,2440.440379579926230,1471.615739628124857,1305.691157458749785,481.628229834686181,1501.444278987162079,1409.388867145215727,1382.892963909107038
튼튼키즈어린이집,1783.701900967803567,1361.091727170668946,1982.168498297250608,2550.914485500328283,2342.081072972317997,3191.826659708021452,3347.096528600161491,2263.195069205502932,1369.265098779165328,1396.069115104789034,1886.589878053881648,1472.774974033440913,1390.045895130471763
튼튼어린이집,1795.869555617343849,1377.114742379663085,1998.131820998073863,2567.076779500191151,2355.777927564629408,3203.694952214259501,3360.354444912446525,2273.134623877204831,1382.172521719416636,1410.175881881491932,1901.555581014560403,1485.424810791272648,1402.235431365039176
라임어린이집,2206.082085283724155,850.625599398601366,674.179603037277388,1486.254879567876287,381.993610513892804,1345.922840406472233,1395.475675170200475,866.181682409959535,1926.279968716035683,575.051756162735956,1724.034483671751786,1996.992808664648692,2024.028181147848727
초롱어린이집,2171.852345255366345,805.474587300665803,670.979623551138616,1494.788819493219989,437.735525419913301,1393.838362919777637,1451.672187349837486,873.129660541389399,1885.051483832861550,516.911072852516668,1699.499874206933100,1957.566624317091510,1982.472342133890152
아장닷컴어린이집,1850.756024587775528,539.729690737386022,988.534940256159985,1771.726690500628592,1157.977484761684536,2039.941607956899361,2165.273852220714616,1218.983124473467797,1472.420968669537388,220.075897730223659,1556.017871993155040,1569.277590523101253,1558.139098395690326
하늘누리어린이집,3202.702175745864679,2051.115686520516192,1554.801125602470165,1918.666343342021719,920.419976372201972,703.316473994388502,283.451130676892490,1428.070496883664646,3028.957617402604228,1862.050713477937734,2620.833948744104873,3073.663414483033193,3127.046254560636953
리틀킹어린이집,2358.554724799890209,2331.858194838563122,2953.330158304098404,3443.004026183104543,3329.046241999838912,4147.580570282988447,4327.864066078635005,3178.539407313321135,2026.565147038211080,2386.931732850706794,2654.875434180135471,2104.383710636765045,2002.112045804350373
혜시의사과나무어린이집,2554.343556105968219,1257.470784349711721,914.566935704807406,1595.221618814558497,58.432839189841431,957.082123507420420,963.917164982776399,833.199658044449620,2309.141992092120290,1003.205819620125681,2027.566016631393950,2371.406904974318422,2407.814754208996874
하하호호어린이집,2515.529363249171638,2521.396038192820924,3142.841954144728788,3627.615486881926245,3513.356729468602225,4323.434490706146789,4509.915616427405439,3347.532042159662979,2195.398499490557242,2573.013991800523854,2830.033974895982283,2269.936525159278062,2166.858969085805711
베베키즈어린이집,2525.585804109529818,1201.303165750758808,909.062128127031883,1629.873358661734301,48.921788070430530,996.886848957768393,1044.170412812697350,755.392561376464982,2266.142564586459685,917.892050082355127,2012.956206676382862,2332.124756442681701,2364.506609888231651
한울어린이집,2172.230441726569097,769.485896576618984,821.919761513655203,1663.721103716096877,623.257236398296982,1505.924638148115946,1623.087365823148048,808.024000942051885,1849.707723426246503,355.466050710418983,1749.963524734942666,1931.886737098870071,1944.342036519600470
e-다솔어린이집,2538.889097858024797,1203.220451151453744,933.419913596504102,1665.557925762346940,92.308255220361545,992.823267610866765,1060.314995931841167,712.002403472882065,2273.287879080660787,903.048703433475566,2032.279423792346961,2340.931201432809758,2371.452617390647902
다해영재어린이집,2329.810357181465406,940.211457811866126,862.320527438436898,1684.027283803661931,428.490420108069941,1297.751553018195636,1415.269393564307620,684.897016390272825,2025.295068614089814,563.783089423469505,1875.398207290611253,2102.924965786628491,2121.422646589678607
별강서어린이집,1939.156130750894135,816.296107425822242,1340.831025670058807,2092.121566995394460,1483.476427390309482,2302.743619984546058,2473.220872695846538,1387.458785997280302,1526.560727667012316,581.486262849265813,1749.923643884807916,1632.702370074378905,1598.400435123729494
강서어린이집,1952.501812755642959,795.582879975423225,1305.495623343945454,2066.228996250952605,1432.126828562498986,2251.042605367649230,2421.165776821379950,1339.334473286607135,1543.483163061529922,536.137090505978449,1747.162804588979270,1648.708867549094293,1617.402058972494160
하울어린이집,2064.436142310304149,1545.420811756490593,2157.323307122739152,2775.899576054554927,2422.657674553547167,3218.048481934817119,3410.193558098153062,2249.090125504106709,1648.719106572933470,1498.698453873722201,2151.018670398644190,1752.817001800306343,1670.776157371109321
구립 태진한솔어린이집,2598.707695428622628,2515.594846094506920,3137.588481555497765,3655.490906948574775,3467.120957009748054,4253.892807322135013,4455.411399045803591,3266.386443253907146,2261.484011989121882,2535.380707222930596,2883.834062316535437,2341.212634435630207,2239.437501938603418
구립 아이편한어린이집,2423.005738928259234,2239.245279455526543,2860.467142220062669,3403.742896877280600,3173.803475656789942,3960.881164216290472,4161.307692552613844,2976.302665361969957,2061.619300386375471,2244.216574523530198,2663.332475892439106,2148.443204349246571,2049.541116602237707
드림어린이집,3192.223476108908926,1960.461057164301337,1528.061992245105557,2007.981496070600770,764.441067624469838,466.070010907448932,249.552446149982018,1164.883488641287840,2984.096792488207029,1712.796100316189950,2629.282680225539480,3037.727063048781019,3082.871279677332950
동아어린이집,2857.532424099068521,2850.644775746461164,3472.692052760594834,3973.007352312949024,3807.180682505532332,4587.032633146822263,4793.771023285981755,3593.870759706136141,2542.896228415335372,2876.067817959542481,3178.627923018244473,2616.291125777632260,2512.950621268156283
강서구청어린이집,2042.081572887894481,880.990322451793190,1373.879217483233333,2145.950015681333298,1448.686134408439557,2238.264447880110311,2425.582069602589399,1303.547766290842219,1631.286025502972507,586.773066690313044,1839.148738365817962,1737.013180335214884,1703.986133825867000
키즈파랑새어린이집,2123.710634687446600,1581.531667409419470,2190.201372783241823,2819.478427390611159,2434.524212198418354,3217.140041382610889,3417.078189399742769,2240.896041893210622,1707.245528045494893,1517.732130201736027,2204.696471803644727,1811.628631197787399,1730.062216978686138
또래방어린이집,2464.292726886774744,1072.003975049468863,985.090784786983818,1795.861029316311260,409.186177746765736,1191.258375189187745,1343.306726760888523,555.956466731772139,2156.820146648431091,674.415454271724798,2009.961528636477851,2235.481734063907425,2252.597797759983678
동그라미어린이집,2503.746811847585832,1116.978504106417404,998.692006302045570,1798.117872213659894,360.644794938764733,1132.316262748942108,1282.024400102270874,543.643012553408198,2202.050566506437917,730.833409679227998,2040.520108061399696,2279.236281629118821,2298.264129318224150
리틀빌리지어린이집,2441.713248493159426,2211.631303919605216,2831.667646009888358,3390.276008797004124,3125.948344093155811,3903.282445356006065,4109.514383542220457,2914.613885678777478,2072.665423567284051,2201.290291639772931,2665.102307581915738,2161.869808151303459,2064.240636295844070
레드로빈어린이집,2426.616304366084023,2181.045356180415638,2800.720281267238533,3363.397771501988245,3091.479659201875165,3868.056382150159152,4074.617743410816729,2879.403590547755357,2054.566865803744804,2167.563784896490688,2643.347781875964756,2144.686258094779078,2047.609171622669010
한결어린이집,2580.099352875336990,1204.344953856704024,1035.833355853128296,1811.447711019157168,289.189441082708754,1025.394311632711151,1171.795353389663887,534.749183189852488,2288.194104869593502,835.819950775000962,2102.455913774438159,2362.899790272287646,2385.048690620505113
구립 청솔어린이집,2832.698802326894111,1505.907672718566573,1202.806380212939530,1873.167656621785682,305.657027022953628,690.176675839008567,797.517702419270677,685.716000951650017,2574.173365541853400,1190.361774918034371,2313.745284731155152,2640.457276359325533,2672.479336078255983
꼬모어린이집,2885.529062622530091,2840.247861287781689,3462.199061366381102,3976.760538627778260,3779.061421984555636,4548.439622438239894,4761.512780102996658,3551.154501439798878,2562.940756982580297,2852.430291983285770,3193.674870436566835,2638.689036216954264,2535.816219850305970
아침해 어린이집,2887.521536121438658,2842.632374208717920,3464.584377266043703,3979.069076142513950,3781.431471147875982,4550.732140632773735,4763.858364487159633,3553.401830106380203,2565.060502849206387,2854.817420005636905,3195.865321253354978,2640.773799785745723,2537.892980208582685
마곡 행복한i어린이집,3286.212529050593730,2039.364537011282664,1621.879407688560377,2112.442877237742323,832.110837142780042,372.095327413476184,203.285249601990898,1159.474378064343455,3071.906495247164003,1774.272482225141857,2726.571472036070190,3127.274833934384333,3170.722738592889982
염창어린이집,2460.898005530734281,2188.178725012583982,2806.629834983005367,3379.265867596441694,3082.783165616311180,3850.693193674665963,4062.376677412346453,2858.325725276561116,2085.247371621085222,2163.307156142385793,2668.614405147043271,2176.518825787652531,2080.159813359623058
구립 스마일어린이집,2619.673741641624019,1239.083490509470948,1083.334919412878662,1860.453275417450641,328.260079189209819,1006.213851233528317,1172.175981755542580,486.433831910531410,2323.761426661492351,858.116795467091038,2146.128423398699852,2399.594717713604950,2420.323407091946137
구립 염창별하어린이집,2366.196187161934631,1962.943479306526797,2575.957791099041060,3182.467977857633286,2819.235559695327538,3579.063229348466848,3794.267764717237696,2586.200605218591591,1969.459930192213506,1908.225071466040390,2517.816053897251550,2067.341809568875760,1976.513998838635416
신원어린이집,2929.053053472041483,2837.312533736066598,3458.603659404572682,3990.475475203122187,3752.907824401563630,4508.374705189580709,4729.602750133482914,3506.090606683697843,2597.415846477065770,2832.720026082707591,3221.592378191503485,2675.863735181338143,2573.655652707481750
햇살어린이집,2289.035212776708249,953.002434665842770,1262.949002103496241,2095.047824951088842,1093.552630724618439,1817.020146445122464,2029.752344399437561,875.555098953629681,1906.101334220783201,483.205571122806361,1982.929785477919722,2004.693835080591725,1989.659312418920081
하늘샘어린이집,2831.107118611525493,1464.687034932019969,1248.516238029906162,1977.713020167635477,374.705146828110458,768.842714510102496,966.729636639575347,481.052214634854067,2547.020598616160441,1095.958111384295762,2339.077216775329816,2620.037356045532761,2644.223473590842332
현대키즈어린이집,2831.175780413664597,2670.863756105839457,3290.828764724602934,3842.601079401682910,3566.566260515700378,4315.789565988216054,4540.025077334031266,3312.473577517635476,2483.768374793967268,2651.127472770322584,3095.491297802276677,2566.789246522907433,2466.099235446051352
동산어린이집,2876.973151804627378,2730.309173450189974,3350.475211408922405,3899.243841590787724,3627.235408127761730,4375.100273096308229,4600.305606026583519,3370.964806365583172,2533.151077853948209,2711.872546370257623,3147.772425822837704,2615.148002394231298,2514.069171596108390
구립볏고을어린이집,2215.548998256504547,1292.996463460049426,1842.083467143841290,2574.525806880838445,1929.574233324211264,2660.994115606788000,2884.921114305873289,1672.396746023389369,1786.922117182692318,1077.064899739451448,2136.813461449688475,1896.626026754586519,1838.924318674017059
오즈의마법사어린이집,3532.922122255284194,2280.754034179951759,1868.570528083341742,2341.337782465776854,1067.919785702810486,315.321369359962432,190.872291365238169,1290.597271201306285,3317.810349088340445,2000.262096494425350,2972.104199484719175,3373.690325025937909,3416.633150649787240
구립 하나로어린이집,2694.679350699163933,2439.675214619046528,3056.876944870336956,3634.163203491049899,3309.656008424378342,4053.244537265109557,4279.725697231085178,3049.750026184991384,2327.222599408324186,2400.195002003111313,2918.515442812606125,2416.170595550508096,2318.301614289733152
단비어린이집,2253.526287489781225,1172.120579777272724,1669.233998600884888,2442.108598638335934,1675.968651518572187,2389.255370421275529,2618.801045108971721,1401.266192086291767,1831.496941690426638,873.314136452124671,2100.419053099868052,1940.008926056545988,1895.145016809392018
아란어린이집,2893.311040144997150,2688.773077658613602,3306.775643018987921,3875.153779841627966,3558.149710508407679,4291.419055654288059,4524.516338700099368,3283.148776104540957,2538.766647908527830,2651.185828568398847,3142.914619559300263,2623.976398910102944,2524.176236651951058
발산 빅스맘 어린이집,2762.885263455835229,1365.639879442567462,1271.947475591620332,2061.776568327303721,523.847707871905641,990.872801040880631,1235.633875642952262,280.942032453818626,2448.428062744712861,938.786460292492961,2310.999770052416352,2529.371902091369975,2543.352356483706899
마곡사임당어린이집,3332.222864878830933,2024.895152632222107,1679.622525184146070,2256.119123982350175,811.928833315538782,180.132420357685191,435.530338107498608,943.943301438717413,3087.412587831842302,1703.651172085115832,2795.001830364945363,3150.781172422979125,3185.975724228957006
유성어린이집,2753.745386213556685,1353.109322661070337,1284.682999277954195,2083.366082717598147,565.190964601590622,1036.887973301875036,1288.610206591715269,256.941356758515553,2433.430160822449125,915.549707810787822,2310.560506363354307,2515.910607600383173,2527.761578057294628
버클리 어린이집,3170.930558651038609,1832.391452062547614,1540.618830514857109,2184.276981064336269,644.859743546373011,377.549712881692471,649.531614346161632,709.391635479342199,2906.966861146769588,1484.686386860085349,2652.688967184200919,2975.142399324920461,3005.003995355451480
현대어린이집,2949.676852603256521,2741.345976372337191,3358.814461984040463,3930.295522284036451,3602.948086187827812,4329.707648132198301,4566.496048491129841,3319.378097720596998,2595.478527982050309,2699.019578685067700,3199.511667899698750,2680.630984584011912,2580.792898844333649
구립 드보라어린이집,3046.709290635036723,1679.318045637113300,1454.849807560854515,2160.194633213032375,563.153104856060736,588.492347977976351,869.269925038897327,489.864241897316788,2762.319493352764766,1299.445615669546669,2551.542079072027718,2835.694381863341277,2859.416511611586884
코코베베어린이집,2974.939160934412939,2761.088782341189926,3378.129043383571116,3952.230398793789391,3617.439901611882306,4340.381808692801314,4579.269343194412613,3328.971362943720578,2620.178844292271151,2715.462727439734408,3223.412332957355829,2705.519370749193058,2605.759138527613231
꿈땅어린이집,2665.147653930621800,1262.253943211208252,1311.705010680271471,2141.386316843801524,743.999270701571959,1277.492352884882621,1537.384382774079768,335.292063246692123,2320.517241242372165,786.836807078120273,2263.743037777214340,2409.324758776709132,2411.767151715238924
숲으로 가는 어린이집,2795.714863442166461,2470.069338108231477,3082.224090879039977,3685.492611445205512,3294.128453891265963,4010.950698877636569,4251.783508015501866,2999.664260834982542,2418.664444595695841,2400.535257265513337,2995.611632284701045,2510.627850313654562,2414.603227358775712
동광어린이집,2957.050097776117582,2708.550941690958552,3323.921565658802137,3908.667507650304287,3550.319215594032812,4266.807935259572332,4508.863157191056416,3254.092841735366164,2595.734532180373208,2652.931184245697750,3191.834948759700183,2683.026856427090024,2584.198211975520735
미즈메디어린이집,2745.521496782232134,1341.109772261307398,1352.071125827786091,2172.080947365943757,715.394644024325771,1181.774158372926877,1455.593002728592637,239.265565305402333,2406.915535869784435,873.803837860948533,2331.561509751389622,2494.215430933599237,2498.987646069496805
유창어린이집,2804.004257727871845,1399.457515511562860,1387.251678415905644,2199.685118809238702,708.034758633776505,1118.498856965722780,1403.865311938814102,175.076857908679585,2469.031584193481194,937.184563913421471,2382.587534760347353,2555.433600346708772,2561.558084907002922
수명산어린이집,3239.559966480586809,1883.845065570153793,1624.736155408024388,2289.613304211933155,725.216223382330440,383.985546100364672,732.914380067443403,648.199923842093085,2964.272413406283249,1512.959890989261339,2731.913336676132985,3035.485537636170648,3061.797457596354434
마곡자연숲어린이집,3597.497415834846379,2297.342362103907362,1939.876413910763631,2479.648797025264685,1083.074692559865071,124.225003624339550,419.629937606284614,1149.370621931882397,3357.886110390249087,1973.473560467600237,3053.860141048353398,3420.191396761550550,3456.519535588723102
KB강서어린이집,2793.319106167305563,2371.501145238727986,2975.926635657165662,3608.243417001900070,3147.488772261962367,3843.134374979201311,4094.035004796421617,2827.700048534460620,2402.168533413558634,2270.568267912693045,2954.956532662249629,2498.510408287485006,2405.962729368252894
구립 푸른별어린이집,3426.976716325408233,2092.435421962366490,1788.302882717103557,2399.015504219161812,899.047022849378322,148.887065228660788,577.227373483452538,876.956884741141835,3166.410132286617227,1740.049033740533105,2902.765725775533156,3233.985399586827043,3264.515280950809483
블루나인어린이집,2573.084056805131695,1883.069766603044172,2458.780437302818882,3156.070014315901972,2550.037432091034589,3225.980901307356817,3482.521358471276926,2210.379957652131452,2151.855380631386652,1708.319171892101167,2614.559927136943770,2258.031431556844382,2179.990309917786362
하나린어린이집,3571.224387210945679,2257.615655286273977,1918.786810761372863,2482.208035273754831,1048.541023183635389,61.602193830424248,478.534638246479687,1073.635571172331993,3323.856073184342222,1921.982279158401070,3034.090966471625052,3388.147948143559461,3422.330945409665674
구립 뜰아래어린이집,2851.680460072071128,2459.493216925736760,3065.709884031898582,3691.461236702440146,3242.477134971184114,3937.209254027341103,4189.035728767398723,2921.099734623714085,2465.599523768128620,2364.058409282294633,3027.115030789754201,2560.388066446343601,2466.466285060141672
구립 노블키즈어린이집,3333.422975671103814,1982.323762097506005,1711.037774035586381,2358.690109232022678,812.693467290933427,295.295608124036676,687.312416478594741,730.233779045871415,3061.612549462621246,1614.131619578036634,2821.108875116949548,3132.018792298767949,3159.278516617836431
아이삭어린이집,3275.111440493699774,1907.481545638077705,1675.201077223011225,2357.841206124339351,777.409982315632078,430.720157281089655,812.985925825076606,595.554093538948905,2990.876390415965034,1519.953561514348849,2776.680845527968813,3064.462726675028534,3087.900365958156272
해사랑어린이집,3449.451811261782041,2104.558692625998447,1818.652632394783495,2444.802086564173351,923.854525786573959,198.327972424059425,643.857643180750642,840.719906169256888,3182.180194639933234,1740.163092980339115,2931.409802792289611,3251.522667915285183,3280.019234967395278
발산어린이집,2762.355875155543345,1375.273816175296815,1502.263348221460774,2340.316798159758036,975.115694405490444,1424.734443256223813,1725.045566463713385,405.960732089924534,2397.300007946580536,883.836096881229878,2398.319848067576459,2491.564499315637022,2484.714133455205683
한마음 어린이집,2805.418301908284775,2310.012944516341577,2906.516106554190173,3560.916059352166485,3044.360508833782205,3721.437146670313268,3980.779872388664444,2702.953767951188638,2405.077359374157368,2183.210595811843632,2937.551623121891225,2504.335439602826682,2414.772500490083530
꿈이있는어린이집,2669.036661859358901,2015.960790103394402,2594.354945211003724,3286.656172370751847,2683.755608663542716,3348.485030109495256,3611.216544573243482,2329.832587077495646,2251.408617334969222,1845.153217682102422,2730.128198056312158,2356.333488717053569,2275.410302648623656
별빛어린이집,2615.959360632082735,1864.696372264883621,2427.539496635361957,3143.136741356714083,2482.307428808121131,3137.458932544320305,3402.872916015930059,2118.526462289246410,2191.520645216436606,1662.299021434866518,2632.254533680419627,2298.884104548050800,2224.156564857361445
푸르미어린이집,2876.151103346569926,2415.900884836273235,3015.000234110030306,3661.999218069061953,3158.743816036844237,3834.000270443554200,4094.842454226849441,2814.700592620373300,2481.178795797576640,2295.770593019211447,3024.959111489418319,2578.761372184831089,2487.372429225696578
염창누리봄어린이집,3017.330065045402989,2652.793888976646031,3259.192780550027237,3882.520574551895152,3428.534465240455120,4109.566096855913202,4368.978723704028198,3090.174694725729296,2637.917655718333663,2555.389833292991170,3208.751320940417827,2730.738243040983889,2635.245387422371550
꿈사랑어린이집,3293.733900277823068,1916.189736069962237,1710.368466564385017,2410.354463608726746,818.131054490752149,496.878968190183343,895.020189425850504,540.718227081624718,3001.043363128715100,1514.022330718448302,2804.748069606481749,3076.853874391376394,3097.511099262343123
공간어린이집,3087.381377650983723,2747.656825987812226,3355.356745674611830,3973.309905689747666,3528.266797943838810,4207.668297194391926,4468.313525303857205,3187.688417170797493,2712.878948337464408,2654.265471170918318,3290.503871642119975,2804.240376727894727,2707.725790075903660
푸른꿈어린이집,2735.714591974046925,2006.998949585010223,2569.508605817428815,3285.130966451364202,2611.290981412214478,3246.309303937516233,3521.622526747726170,2223.884379413322222,2313.418487931428444,1801.747096886388590,2766.229707288081045,2419.999506262005980,2342.902834919187171
밀알몬테소리어린이집,2758.118667941640524,2053.657704492934954,2620.038470213859455,3330.300245326685399,2669.380630157937048,3305.599540574142338,3580.872892818590572,2283.063263323888805,2337.568689907684984,1855.638928187793226,2800.050566259964853,2443.527655660565870,2364.839519237688364
등촌제일어린이집,2682.842122195288994,1803.221730673930097,2332.766446865692615,3084.138330624995888,2309.616278396062626,2922.207922357511507,3203.999260099520598,1898.875248187187026,2254.240057159468961,1542.482020812862402,2643.110066090724558,2363.376866227465598,2296.591480097788917
롯데어린이집,2715.906273729958230,1479.051021268501927,1836.501526905960191,2666.304742177731441,1562.944608807479881,2079.567343865590374,2383.893871147025948,1054.183959811490013,2305.192226902857783,1045.160261314739500,2486.285169308329841,2411.112410225421627,2376.877845856552540
구립 가온어린이집,2820.375329880195295,2143.461673568048354,2712.846733340442825,3418.528232762799689,2764.601647902534296,3395.634211771211994,3673.884539073146698,2372.235293077212191,2402.360578218422688,1950.530497339349722,2876.362807326316670,2507.444451155627121,2426.764476580191968
리틀현대아이어린이집,2984.142529996626308,1586.556700984990357,1645.242469982932334,2469.060604258897911,991.051947611526884,1253.838520352711157,1599.499079521657450,242.932009062917928,2627.791504928293307,1101.119142276410685,2597.105162751608532,2719.945844921490789,2716.753182069221566
프란치스코어린이집,4689.913597380801548,3462.819067397693743,3029.873325594995549,3394.718952158287721,2249.324549666279381,1324.675765591177878,1272.711198004598828,2316.597041401138085,4492.586225263050437,3170.911974136517529,4113.912341821195696,4544.878612279740992,4591.329251035095695
구립 소은어린이집,3104.216994615278054,2653.125526528418959,3249.361277713864183,3901.900846753765563,3369.138853407026090,4016.231944276291870,4291.204349477372489,2992.741868985194287,2713.535522843111721,2520.993578683515807,3263.380389858093167,2809.870219761644421,2717.204781734331846
해울어린이집,2888.705675144317411,2223.303811566403965,2792.646562892474321,3498.107646947830290,2838.790992026193635,3460.304239418830548,3743.164057311360921,2435.950535270333148,2472.216546467098851,2029.279992562237794,2951.820987829748447,2576.790016870274030,2495.045161207399815
마곡15 누리어린이집,3686.827771294547347,2329.270919094036799,2064.175582270825544,2693.685562797425519,1166.634293741877400,324.464532903417819,788.149277370503114,960.605977083244511,3410.987352170347549,1944.906145593299470,3175.117324458605253,3482.769456795197129,3508.365424343612631
구립 아기별어린이집,3091.596590654696229,1690.847142652581169,1719.892503751360437,2534.237418071016236,1016.086334242725684,1176.513808627999651,1544.545395829125937,223.045851890766698,2739.529031744038093,1209.306532975374921,2694.188594479400308,2830.644144592913108,2829.187372990938911
키즈네이션어린이집,3086.344640863441782,2585.913383337097912,3176.288995678470656,3842.800201571618800,3274.767557307778588,3910.371907232545709,4189.954868859062117,2886.135038769313724,2689.025976448737310,2437.728544316872558,3224.858914477942562,2787.427668822556370,2696.808552776314173
마곡14 아이마당어린이집,3757.144376008355266,2405.457688634316128,2127.418150309441444,2740.936360813943793,1232.689195293267858,333.600074080174920,776.513294806993940,1047.732246579865205,3485.747338579837105,2026.362125620200231,3240.366542355098318,3556.436345906615315,3583.332315910940451
딸기어린이집,3858.869783293623641,2516.046903131782074,2220.324049200871741,2810.715488423509669,1331.280384947774110,381.159080405470149,774.221546188234925,1174.177353096524257,3593.896466741938184,2144.469316144992717,3335.115746049222253,3663.005157407814750,3691.749357658512508
지니어스어린이집,2846.754763206993630,1947.550161493683163,2462.930813800269789,3226.480455238141531,2393.436607069256752,2960.301215663508628,3260.907249478490940,1934.774697828085436,2418.131395889533906,1664.469911407408972,2802.625291145001938,2527.281546286119010,2460.488498443797653
구립공항어린이집,4527.616687513138459,3262.729106596535985,2863.292320353220930,3289.583357179597897,2045.648700495741878,1086.355284751654835,1118.586236252626122,2050.481894640154223,4310.515827888551939,2946.461488810573883,3963.352208006565888,4367.777538219700546,4409.335272284633902
이화의료원어린이집,3245.019501189199218,1840.487158998191944,1804.660431272108781,2594.063108492656738,1020.506067295338084,997.679001864438646,1396.965220576897764,270.125344739431284,2905.674182076832039,1371.973529772151778,2822.344747666615149,2993.591998314949706,2997.275982679898334
사랑둥이어린이집,3141.242477115674319,1742.456777048502090,1781.616823917231159,2597.408716504833592,1079.584103489695735,1208.623468032391656,1587.527967883498604,284.728271505548662,2785.646916454887560,1258.264117276952220,2749.608383285319178,2877.710015160993862,2874.628435353576151
마곡아이숲어린이집,3654.075367690378243,2280.645683238927177,2053.233340877294268,2716.344807893112375,1154.057169033677610,435.136636388513239,905.877817218535142,851.225163757719656,3365.272319123899251,1877.304104452489582,3156.578435842595809,3440.386434695193202,3461.886860412977512
성민가정어린이집,2873.128395383913357,2003.159691213621500,2525.933904785492814,3283.486261441575607,2467.715019113027665,3036.491049735026991,3337.174542793365163,2010.970586395303599,2445.225687292894690,1730.257200988065733,2843.566527602940823,2554.014094534342348,2484.947708314526608
현대i어린이집,3193.020241677292688,1791.151482361773105,1803.550123813815389,2610.641442028209440,1068.615731636266446,1135.813173796057072,1524.842160078940879,274.014008868128940,2842.716762174954965,1311.493907713544104,2790.462696659560606,2933.441882412207178,2932.610381681158742
포도나무어린이집,3738.639367885673437,2370.889391275032267,2127.549775368129758,2773.124233224714771,1228.148245891470651,424.396347317633797,888.016452098955028,954.151069792435806,3454.780322299693580,1973.430391579225898,3234.896517278746160,3528.680206361048477,3551.689106269154308
해오름어린이집,3833.766209988282753,2476.315435582600912,2208.648072483481883,2827.623440969903641,1312.157377933022644,419.962757848073124,854.089901187945316,1086.688235279741548,3558.201187279720671,2089.420064894942698,3320.529301057588782,3630.028685050586773,3655.560050585091631
새영어린이집,3055.661387196090345,2384.076606141229149,2947.359749631345039,3660.940172545506812,2964.953314675256934,3555.379837511315600,3851.951814813425244,2529.851662660602415,2640.085200793114836,2176.007746950368073,3120.827264947205549,2744.377761869121059,2662.018817631912952
마곡두린아이어린이집,4393.818017483053154,3100.693860730385040,2731.462547017195902,3207.318693563569468,1886.720197957269647,906.642179394754294,1024.286567048988218,1835.105409572088547,4160.865806767708818,2764.673933939978724,3840.661353359663735,4222.111529233638066,4259.550210652510941
구립 밤비어린이집,2914.077386902155467,1942.037616210372335,2429.343955623823149,3212.647390972647372,2301.974043134132444,2829.640934739656586,3143.431363555130702,1805.259741569706648,2484.970704001802460,1622.799226629163286,2836.144763650113873,2594.590776825521971,2532.750493944348364
마곡13 하나어린이집,4293.948711476283279,2985.688951243545944,2635.204963597421283,3140.433389469739723,1776.397517786762592,789.961233104007192,965.748291157609856,1691.970677292351411,4051.931605869462601,2638.720219391851970,3747.984432083048887,4115.440938937573264,4150.455877093098024
고운아이어린이집,4422.449981613825912,3124.382327240517498,2760.897917504953057,3243.129839030737003,1911.791106119474762,928.841631456216078,1060.590535023451139,1843.519562835783518,4186.738681133217142,2783.858544842903939,3871.159547755364656,4248.713098441467082,4285.377349665412112
해피랜드어린이집,4282.016445870297503,2965.624380724471393,2625.941280410363561,3145.175111651720272,1760.152903910417081,772.812997151900618,978.314240729528137,1651.478103036763059,4035.047811829640068,2611.791599544385008,3740.005474923497331,4099.823327328902451,4133.453449061286847
마곡어린이집,4376.472732932362305,3070.452651208718635,2716.834338896715053,3214.123553641808030,1860.461345353563502,874.531004893425006,1035.168537763799804,1774.023176378195558,4135.988863711335398,2724.045823632560769,3828.940396002148645,4199.159823480842533,4234.539676196828623
꿈초롱어린이집,3055.814055641541017,2266.408914751853445,2803.435140847298953,3547.942123790837741,2757.794600255521800,3311.443719012891961,3620.589609356886740,2286.704590054493565,2631.982831942290886,2013.207364771220000,3068.393590915016375,2739.151234635633500,2663.564618291125043
홈플러스어린이집,2973.847040609045962,1901.842233666467109,2343.012564801092594,3150.046395321710406,2134.602778437184952,2610.165120097724412,2939.155362150538167,1589.998271026446446,2546.762563164827043,1534.298770421349673,2845.352153176829233,2656.307127876257709,2602.440286593002384
단이슬어린이집,4660.796064479167399,3378.723172829483701,2996.841404014927775,3443.120246767654862,2163.063855400001103,1187.696635114667515,1264.866378300032920,2114.118900046125418,4434.765008210607448,3047.269729811048364,4101.809510543605938,4494.405442070401477,4533.523937667342580
고모랑이모랑어린이집,4918.475682770448657,3654.699085696997827,3254.324694673028716,3662.863304055895242,2437.678507364163579,1472.226163720594741,1504.618594718157510,2409.903903566204463,4703.088351133940705,3333.322472881280646,4351.917313311130783,4760.151962760190145,4801.909012341290691
굿모닝어린이집,3045.570557365748300,2003.643621935190367,2454.833467228846075,3257.910342925778423,2252.894917468425774,2718.799651713229196,3052.601845306700397,1701.068659094176155,2617.312568565605943,1645.675310291758024,2934.505111856220992,2726.999425715343477,2669.941103610020491
행복한어린이집,4377.020886507911200,3052.284348552500887,2723.801134486967385,3252.141832563674143,1851.990750094926852,866.175194591671584,1088.371907205880916,1706.734340671582686,4125.010419368952171,2689.603957447845005,3838.636459778251265,4191.145643209551963,4223.261704401218594
아이꿈터어린이집,3146.076027088000501,2344.347730929883255,2874.982102971492168,3625.744480877960086,2808.103335162614712,3339.620753723064354,3657.319225676299993,2316.625509186914314,2722.010038087053090,2080.770929360593982,3155.165386657267391,2829.270670281713592,2753.927254431820074
병아리어린이집,3139.792253809207523,1848.010919987093757,2115.042961318925791,2957.461717105660227,1655.372496708008157,1949.182890009318726,2318.978146840516729,966.080068851592500,2735.526902095083642,1376.985002864028502,2874.165020884107889,2839.966358194199529,2810.181552487311819
구립 보솜어린이집,3098.900021972064224,1866.418640968450291,2195.534230604216646,3032.666957711823216,1817.104873391139108,2171.450114444393421,2529.944088867382561,1172.530426322707626,2684.582357088177559,1420.808562437011005,2876.256552966308845,2791.431851519984320,2753.640170053900420
홈앤쇼핑 어린이집,4086.470086030910807,2720.677154006903947,2467.303283716594706,3087.255811002260998,1569.489632834311124,667.820201271483029,1065.997588409401260,1277.451645896943091,3804.498870730548333,2320.663174322048690,3577.905182201447133,3878.156660211949202,3901.439816026902918
구립 꼬꼬마라인어린이집,3100.558804028903523,2065.504552059213438,2516.822222693846015,3320.120660854616290,2308.789540503167700,2761.878017114260274,3100.488261952836183,1746.877608737852597,2672.042789647077370,1707.700213317122916,2994.138842697682321,2781.744619194457300,2723.714663015008227
꿈비어린이집,4295.788264011817773,2952.419192426429618,2653.482757000007496,3218.848665586553125,1767.866422148107631,797.769772260812488,1092.184864038849810,1562.037034679429098,4031.141309907736286,2573.423313313620383,3768.864518255397797,4100.474177547744148,4128.936855932036451
마곡12 온새미어린이집,4175.185476653098704,2815.666442668185027,2547.824081806509639,3150.244596609779819,1652.714236915282754,721.050569638367961,1085.915535412431154,1386.148548754598551,3898.375853823499256,2421.584019390730191,3660.696596359466184,3970.761480624898013,3995.597204161683749
마곡10 별솔어린이집,4451.976779536814320,3122.386728773319192,2800.600416483368917,3333.611070549217402,1925.623448230279791,941.651158575075556,1170.831167011082243,1757.830186529545472,4196.947452785708265,2754.311687977426573,3915.745198095499745,4263.905274445953182,4295.092142373700881
구립 진로어린이집,3204.427305230031379,1912.939618713289292,2175.736304781333274,3018.349280081476536,1701.618064451925648,1965.926023966043203,2343.988499515613512,996.555686543464049,2799.667984609623090,1441.131694511287606,2939.306854230926547,2904.242264346693446,2874.032973374192352
마곡11 나무햇살어린이집,4294.573832838288581,2945.466790388717527,2656.546855399755714,3232.604469899902597,1767.456529057897114,806.123099682165389,1118.857745755948372,1538.616276879931320,4025.800744718351325,2560.792976917218766,3771.494243249067040,4096.193866490796609,4123.411141592541753
동부해맑은어린이집,5177.950764519193399,3916.691098745055115,3514.082798872866078,3910.024500670070211,2699.670774473254369,1732.937000730209320,1761.726353954754359,2659.244428985983177,4964.553860561512010,3593.865212882450578,4609.517226962785571,5021.248180792505991,5063.377179611091378
성모어린이집,3212.561613341110387,2011.986738142671811,2359.483708347197535,3194.326795262987616,1989.197652630517950,2320.408794932782257,2688.531520587988780,1332.983830503133504,2793.648576726019655,1577.148285048258458,3012.041341538520101,2901.563550133698755,2859.177361147043484
아이꿈어린이집,3314.544099226673097,1988.433290733423291,2198.541803318099937,3040.029102342100941,1649.115913801027773,1823.045591624800409,2219.438576039653981,898.201972323929112,2917.747547527937968,1504.129186438485476,3020.020418959747985,3020.386064058405736,2995.480157057519591
은초록어린이집,3371.463208052178743,2029.620502840781455,2211.250743833813885,3050.171024925977690,1623.343898550765061,1745.686984529078700,2151.540007410214002,852.927448465750103,2979.335461125255733,1541.063330107070442,3061.663736083378353,3080.826944427743911,3058.763845579074768
하나영재어린이집,3238.863539183038483,2207.100789542064831,2652.895970564432901,3459.317269580724769,2421.536167225360714,2838.288101187837128,3189.437679823639883,1832.369255493723131,2810.104008374400109,1844.236926572942821,3136.556051878551443,2919.806642421308425,2860.615520492828182
한국공항공사어린이집,5839.505028285756453,4624.883834658242449,4184.630784615834273,4497.981550331928702,3410.810124440894924,2468.900578518483599,2430.272264816395818,3420.339390196023487,5651.651740890395558,4326.274572629570685,5256.679721251354749,5702.131165402147417,5750.314562973798274
신영광어린이집,3257.590413575116600,2054.371758406879962,2397.073853387290910,3232.895375429935484,2014.967797169080313,2328.118469169480704,2701.336270214700107,1347.849490169538512,2838.747870661122761,1617.224428883889004,3055.779861986053220,2946.650848013009181,2904.302632935146903
구립 엔젤아이어린이집,3253.626515857543382,2212.252317428115475,2652.842670992158673,3461.567909771562881,2411.697744951778986,2819.813879854988500,3173.384224293497937,1815.980421470362216,2825.027415763210229,1844.666175599791131,3146.420907143298336,2934.731485496997266,2876.272658960328499
국공립 가양 7 어린이집,3361.973296786084575,2494.713867382239641,2998.639913816972694,3772.038944004192672,2860.091293903160022,3323.000865232126671,3664.534259934267993,2310.491648061753949,2935.579684417906265,2193.933258238421786,3344.724774349361724,3043.738315233577850,2971.487226057950920
하은어린이집,3529.757955028321248,2163.033474822595963,2287.094055219352413,3116.269834958812680,1621.756181396197007,1611.747051358478075,2040.457647164462060,826.110230277867686,3147.037437900864916,1670.606422222278297,3191.541493104008623,3246.217531817074814,3229.386557792768599
푸른어린이집,3375.776081518029514,2148.550029380099659,2464.687110053501783,3304.388512177863504,2034.567536211646257,2286.671406568425937,2674.968604820504879,1332.839439973778099,2959.249445292757628,1698.926520265479667,3158.893581887909022,3066.640707673719135,3026.542052087460434
구립 엠밸리큰나무어린이집,3734.669962092838887,2335.005945062427145,2336.427341257450280,3127.237020553120146,1544.633719207021159,1269.300011613388961,1728.307041597046236,796.419009714881781,3377.833486664876546,1851.711993114014831,3336.274392794974119,3470.524980155243611,3466.214600501763016
마곡9 나인어린이집,4632.002247077642096,3281.769117845596611,2992.287099825369751,3554.681168954636632,2104.663575559840865,1137.105482194757769,1409.291178380660995,1851.679494785292036,4362.748819883016949,2892.284020503128431,4107.534453344448593,4433.458100370280590,4460.285714764188924
LG이노텍 서울어린이집,3920.956702819349630,2516.500604990794272,2436.678436851834249,3185.952186753913338,1582.543654019959149,1082.299843728772203,1553.033411862279536,942.549027290702156,3583.749845279448891,2050.045626786597495,3485.879321865886595,3671.508802934453342,3675.320416552051938
꿈나무어린이집,3390.177557521576091,2286.717101953787733,2688.400528067780670,3511.602523374018347,2374.278963250484139,2710.461452237681442,3083.479956855232103,1728.566637643170225,2963.333197506100078,1887.865035625786049,3250.461208641575467,3072.846983732462377,3019.226592067912406
민들레어린이집,3443.869008229952215,2484.686927585204103,2952.725777040408957,3749.071248283555633,2741.003803419810993,3143.797926851863849,3502.652223759246226,2144.996505007635278,3015.042392793142881,2143.479782487921057,3382.604305683209532,3124.316315669137566,3058.193324510633829
구립 큰별어린이집,3471.146532815451337,2211.669692730253701,2492.602265303320110,3334.958221785615478,2008.223860322265182,2194.905484044556488,2597.063981874373439,1274.417303029611048,3058.874313149064619,1748.149434066955109,3231.840021322921075,3165.291838512217964,3128.966806354324490
대림어린이집,3498.512891008358565,2218.290456440818616,2475.925433298637017,3318.706816657647778,1960.568312129352535,2113.578005857185872,2521.662285162220542,1211.800353203395161,3089.795883360335665,1747.081204554355509,3243.460582432152933,3195.376500692061200,3161.923389112212590
LG CNS어린이집,3862.995895544958785,2463.824354477500037,2463.438470617191797,3250.998472697418947,1663.715079032366702,1332.334045418888081,1797.762998753824604,924.085639277742075,3504.902513998074937,1979.978626248200044,3465.457929150763903,3597.966710285177214,3592.975249700229142
샛별영재어린이집,3484.435139484723550,2488.496632564723768,2939.622459512201203,3744.587033482577226,2695.542625289545867,3069.880432492028831,3436.398617187356649,2079.247883394628843,3055.317109544598679,2130.844781721145864,3404.797088269777760,3164.851205219286840,3101.382413428498239
구립 코알라아가마을어린이집,3515.365188583360577,2527.182296297081848,2980.467273157171348,3784.519370465114207,2737.682599237243721,3109.230514543857225,3476.961628279338129,2119.980759989161015,3086.286171932270463,2171.575593585963361,3440.226219175879123,3195.759521883180696,3131.526994589477454
미소어린이집,4684.959225382718614,3317.751413830980709,3061.103366198174172,3655.613680618250783,2165.322648883669899,1225.839146589200027,1541.822257425349562,1840.762382496557393,4402.083875504845309,2910.398996573315799,4173.624526335273913,4476.307182450262189,4498.853707211828805
동글동글어린이집,3556.414582885515301,2531.308165853485207,2966.343242212418772,3778.556442309413796,2689.989557736736970,3030.990304721382927,3406.521154864701657,2051.819493620331741,3127.355724454674601,2159.391593542014107,3462.280487095074477,3237.007726791712685,3175.570133694061042
사이언스파크어린이집,4093.395170039698314,2688.834453350772037,2615.527158847437022,3363.926720115043281,1760.475736149256136,1216.682348982156782,1686.092547301271452,1115.619848413868112,3752.505530869939776,2218.892791633227716,3662.579376478022368,3841.282702239941500,3843.459861572491718
자연어린이집,4944.468623475786444,3598.670401477459563,3299.757667815135846,3841.440255178252301,2416.487515813394566,1440.747071047823283,1673.966777543139642,2166.194871609403890,4678.791051564624468,3210.622538550580430,4415.283053763680073,4748.740485400606303,4776.455711242578218
동성스마일어린이집,3638.364568064196192,2349.349469685495478,2589.761547005356078,3432.128252936517129,2040.907688458326675,2130.110519861461398,2551.718072928076253,1272.932625570644632,3230.738841891487027,1873.992554114698351,3376.696251069897244,3336.079084945520663,3303.359177266418101
마곡6 마곡숲어린이집,4564.593827292085734,3182.808346371294192,2963.571031652191323,3596.713028687051064,2064.060429801853388,1175.948630447678397,1546.935710463601936,1669.530055409777106,4267.786396397661520,2759.255959412984794,4069.161720561776747,4345.515389264841360,4363.584084246726889
마곡8 열린숲어린이집,4759.360304216510485,3393.790768743400349,3133.007168124946929,3721.074141896566744,2238.185839927691177,1292.711245582924448,1596.572146826532844,1918.669959204871020,4477.930346377523165,2987.638044063180587,4246.153973754044273,4551.819418308153217,4574.778213825272360
예손어린이집,3591.063098387152877,2431.820478296657257,2789.157487979580765,3623.686326748992542,2393.269872612486779,2632.804016919626974,3029.632002525235293,1692.890526530722354,3166.958835436134905,2004.922328166655916,3420.153355012565953,3275.989071782468272,3226.967681589041149
둥근마음어린이집,3753.643980281596214,2405.954119419433027,2557.136258839937454,3389.533997978526259,1900.671293867356781,1839.491007122159772,2282.090466726519935,1104.493995954366710,3361.667886763356364,1915.394414490065174,3437.430918711226241,3463.218268636842822,3440.902374956466247
즐거운어린이집,3610.871416414603573,2467.179320812374954,2834.051530868708141,3666.794859827057280,2449.917182004935512,2696.305782815010843,3092.319332743452833,1754.043061221418384,3185.658232945788313,2046.024736162735962,3449.706187044789658,3294.898295482226786,3244.156168014295417
DYPNF 직장어린이집,3895.130686734154551,2517.209025242811094,2596.721909257216339,3411.249220104464712,1861.586082477962691,1648.860165898403238,2108.009677471522082,1075.271279753889758,3517.030228398687086,2025.031650863796585,3540.361654425389588,3615.159820029820366,3600.471003347486203
구립 아이솔 어린이집,5544.194174679601019,4241.517555111445290,3881.658083052088386,4329.839526970228690,3032.373035778781741,2046.214355680542440,2154.802100910360423,2880.913527288427304,5307.866143104748517,3884.618515977798779,4989.556517918557802,5370.587460899734651,5406.434615021764330
마곡 이화어린이집,4933.069988596780604,3573.911398305115199,3298.939544344222668,3867.163637426700461,2407.880761357958818,1447.391235689658288,1718.092220920632144,2109.455435381857569,4657.074160549385851,3173.095402156418004,4413.609272463282650,4729.654433064346449,4754.216353816004812
근로복지공단 등촌어린이집,3783.324012901363403,2455.812765234185008,2638.661393718805812,3475.764284979671174,2013.359736817492376,1985.120293451483349,2425.093506769882424,1221.101564643287020,3384.525090333283970,1969.090033170115248,3487.789872305821518,3487.757538401052898,3461.145727351937694
마곡코오롱어린이집,4057.022618000990406,2658.526207995380446,2655.544455377632858,3438.469931614741654,1845.880421269054750,1443.677371020702822,1913.810716838383314,1117.487853096850586,3697.255688533592547,2174.016886666857317,3660.577269657617762,3790.815831871515456,3784.905471518977720
해솔어린이집,3669.441795093239307,2504.035869267602720,2853.604189647362546,3689.712335493024057,2440.523544611296074,2652.778730880555941,3056.249804227754339,1727.822400876233814,3245.578683067587917,2073.138030180144142,3495.324819453034706,3354.564217380446735,3305.846972524348985
쥬빌리어린이집,5192.959169148924957,3853.850499040942395,3543.155589894028253,4063.908816057786680,2665.410673867184414,1683.889672809666536,1885.309745106818809,2427.953079677501137,4932.344696259391640,3469.897564595748008,4658.342365755902392,5001.112814109585997,5030.201860864101945
구립 강변어린이집,3701.423839276192211,2605.086602108684474,2997.228198480188894,3824.288876914028606,2642.945174630471229,2901.918409529827386,3297.322559722635560,1956.746627604615469,3273.713051568307492,2200.627791125686599,3569.235202268851936,3383.348497383068207,3327.546466625533412
구립 해뜰어린이집,3855.771035252227648,2522.330782325433120,2692.909768626225741,3527.910584080607350,2049.374399129467292,1982.426323703903790,2428.256263191621656,1253.929063342008021,3458.471490344967151,2034.135204160602598,3554.408043423225990,3561.351136629106804,3535.657457774716477
사랑샘어린이집,4898.088907793031467,3525.331443535739254,3279.457714089792717,3878.214073113562790,2382.385575395841897,1448.277561174885477,1760.404367632819913,2028.125382846898674,4610.260933578309960,3110.431330782505029,4390.863880837980105,4685.846014259373987,4706.665964780610921
성산어린이집,5370.720721898717784,4038.030391723493267,3717.170408065845095,4220.833247143845256,2844.585043468883669,1859.944390792451031,2038.291054227840732,2620.441913857258896,5114.772310742881928,3658.324605770337712,4831.558822630914619,5182.425126479693063,5212.795454278723810
마곡5 해맑은어린이집,5027.208156272246924,3659.521060801277144,3401.278573181345109,3984.208150251080497,2506.546276991984996,1558.220350084596930,1845.669499573652502,2171.787645204259661,4744.023467679120586,3249.329866114637298,4514.512718145313556,4818.478661132740854,4840.718899088326907
마곡7 미래꿈어린이집,4733.410805780798910,3342.370195527653323,3151.127055259587451,3803.400414494879442,2252.494680661965049,1393.430830931005858,1774.961094597533929,1800.935474089980744,4425.608502915513782,2905.254636358753487,4250.135891667640863,4506.217672225760907,4520.406884225019894
뚜띠어린이집,3810.454860323924095,2718.612709499969242,3109.175360021233246,3936.992413280256187,2744.891806418903343,2981.271292803085089,3382.906827750460707,2048.698861429437784,3382.445203750443397,2313.446547947982253,3681.920318581604988,3492.113062104621349,3435.436081716804438
도담어린이집,4856.721901963504024,3470.710854060699148,3260.921362865753053,3894.190575267231452,2361.391190525708680,1470.207423439965169,1825.277337236979747,1940.730064509271642,4555.139479501187452,3040.059418795037345,4365.181904432818556,4634.213831171378843,4650.478534536892766
강서한강자이어린이집,3891.586051970173230,2634.457982098905632,2897.936464953595078,3740.688828629834461,2356.958142995137678,2406.936682381541232,2839.928972274401076,1584.598896036656697,3477.229620154078930,2167.292060589948051,3655.795715489296526,3584.170969261181654,3545.740349750349196
청정원 마곡 어린이집,5253.236675883999851,3890.064688645904880,3621.057354885355835,4186.981333252743752,2729.202201294240240,1769.609556157090537,2029.821176951126972,2407.864036137666972,4974.044411879829568,3483.185739486216335,4735.553472801498174,5047.572850397006732,5070.957168460607136
다니엘어린이집,3945.990931660180195,2706.962180350453309,2985.711674167675028,3828.434188602753238,2459.822518025166119,2517.957883225965361,2950.848937838614347,1691.214215879906305,3528.838946100505382,2245.308483351539962,3723.850544518609240,3636.414831250873704,3595.332414328916911
디앤오 강서어린이집,4553.889588538204407,3149.433698152030502,3054.324648747010542,3779.914682675070253,2181.120100794144491,1499.910653258963976,1947.337690662886189,1575.483959826222645,4215.440876667513294,2681.712298001956242,4115.155857481560815,4303.772634302226834,4306.602608944907843
우리아이어린이집,4921.756278323633524,3525.153544705335207,3355.070010722258303,4019.978243165799086,2458.450958200038713,1617.672714278065314,2002.531312426164959,1968.056311727870479,4605.521907192262915,3078.427245744195716,4448.217860516389919,4688.346797304636311,4699.419125168761639
마곡3 연두어린이집,5103.674259771630204,3714.531354231303339,3512.553922441466966,4146.767747716273334,2613.077087938028853,1721.411742011336855,2067.260089534957842,2174.027647134071685,4798.177055146854400,3278.620966425440201,4615.541759484496652,4878.339773078881990,4893.116353797888223
마곡1 하람어린이집,5185.750257486704868,3801.043814361068598,3584.214126491799107,4203.255086697915431,2684.878951700866764,1773.615842312635550,2099.721440179070669,2270.144871378414337,4885.591217951201543,3370.639261252785218,4690.878399268684916,4964.427069336896238,4980.991984462293658
마곡1 고운비어린이집,5167.429684950982846,3780.494509924657450,3570.673316698193503,4196.494811912187288,2671.158197357237441,1768.196012677893577,2102.535965154715086,2244.580552596732559,4864.650610379246245,3347.302996968037405,4675.722942113515273,4944.145430451324501,4959.825558960461422
잼잼서밋어린이집,5785.981305999982396,4442.897861324284349,4136.423561396505647,4647.767691780689347,3258.205941227459789,2277.226245283107801,2465.392052419952506,2992.645246039918220,5522.937167366085305,4051.699033202390183,5251.536283382250076,5592.551712930595386,5620.636974039955021
새싹과 나무어린이집,4929.023013605249616,3527.556540638088336,3386.521940673865629,4073.453137694396901,2495.435247855441048,1697.120784310913905,2101.598040209799819,1959.015540072830163,4602.803974072821802,3070.878165733985497,4469.214101892056533,4688.162914933850516,4695.533297749425401
마곡2 해오름어린이집,5122.012743051024700,3728.011651708221052,3544.070360091726798,4193.348303778640911,2645.518012898514826,1775.481013196218555,2136.615894309292798,2175.948231427643805,4809.795675645069423,3284.954142505169784,4642.159932887930154,4891.669927762462976,4904.074788708948290
몬테소리동화나라어린이집,5389.770448833439332,4009.916945527357257,3777.986334950129276,4378.328831635012648,2879.875043618687414,1948.872257783544683,2247.757490886085179,2487.772909742721822,5094.912477853154087,3584.541570431263153,4887.971479561221713,5172.472565805015620,5190.716864219874878
마곡4 꿈의숲어린이집,4977.790061599203909,3575.802158692915327,3438.381613948954055,4126.990967815261683,2547.943581275858378,1751.472031445565335,2155.392258198938634,2006.051594480151152,4650.094988233639924,3117.670364486034941,4519.821680002954054,4735.843076403998566,4742.625443329212430
서울YMCA방화어린이집,6003.169805313838879,4667.236922928163949,4349.472878489573304,4842.528235298721484,3476.691251447796276,2492.440450029657768,2659.503493219888696,3226.885874488364152,5745.463592365686054,4280.954486894589536,5463.630505883646947,5813.794321194437543,5843.371024463016511
이레어린이집,5760.633122541650664,4405.822464999536351,4118.844798370369972,4653.524914773319324,3233.243111768820199,2260.162897324588812,2476.127185292488775,2931.954487233450436,5488.548630095643603,4004.307962895928995,5234.350938255823166,5560.451108683470011,5585.808300393551690
사랑맘어린이집,5105.923828020994733,3707.460295941498316,3544.825085862531523,4211.762060836406818,2648.859175687986863,1807.889632945285484,2187.183858477064859,2145.216735058171253,4786.186238042736477,3256.829940647352032,4636.063590406702133,4869.960814496623243,4879.652354534599908
구립 가양 어린이집,4420.483412575857983,3075.527002250706119,3207.151999417868410,4031.146876144955968,2495.468344396368593,2231.422810364537781,2699.389247430366140,1704.860868780394640,4025.084030400735173,2584.570703240156490,4106.742367594943062,4127.592663793427164,4102.740238371444320
고은쁘띠에꼴어린이집,4291.953931340828603,3040.975031161544393,3296.119619235675600,4138.463512927842203,2721.944403894756306,2675.843545411781633,3126.231452735954463,1934.801675430235491,3875.483340038816550,2572.798353824045989,4062.112796830171646,3982.928172546440237,3942.331155453102383
아기새어린이집,5926.006334935753330,4577.160576087971094,4279.493186727980174,4798.447444292731234,3398.012551821196666,2419.937547768263357,2616.857908958682401,3112.563534410197008,5658.689487307471609,4180.225200526664594,5394.905640593271528,5729.435319211154820,5756.178031519139040
구립 해담어린이집,5786.096343725364932,4426.703828760902070,4147.924030552845579,4691.324497505166619,3259.778316329252903,2290.746619352605649,2516.796747453498483,2942.949626310963140,5510.273904311316073,4020.807200353162443,5263.246372357051769,5583.133503253733579,5607.323411056501755
조은어린이집,6021.717972208497486,4679.013107302481330,4371.320794679094433,4876.408367189202181,3494.052833697192000,2512.431944181073959,2693.333199500660157,3224.949248750905554,5759.097072493320411,4286.944868547573606,5486.257911707210951,5828.681411011198179,5856.796743312760555
N젤어린이집,4906.319854504709838,3501.834027366258852,3417.606439578129084,4143.443780128071012,2545.153577216505255,1839.289495334802268,2273.879941993914144,1929.107990249014165,4562.083560202302579,3029.350015416358474,4474.578067930866382,4651.986068534002698,4652.244223234750280
더조은영재어린이집,5177.323764882127762,3778.289481937418714,3618.077244119936950,4285.533230633664971,2722.316164106923679,1880.948363242497635,2258.123801513873786,2214.557403141939631,4856.403708925718092,3326.386342739844167,4708.696814125638411,4940.499738949241873,4949.717948171998614
잘자람어린이집,5598.254980981938388,4220.098019804941941,3982.479146374497304,4572.967745827082581,3085.257333367832416,2146.053443095132934,2429.172821716124872,2699.352965602579843,5305.151245756726894,3795.849912652806324,5093.696933562863705,5382.334018499664126,5401.062675868380211
새싹어린이집,5648.946743785140825,4274.745966434792535,4027.272818489066594,4606.834938221820266,3131.594393701763238,2183.895584804775808,2453.609614138911638,2761.872357796227789,5359.807243041219408,3854.624453962780080,5139.939514233515183,5436.001030026644912,5456.008681731160323
사랑어린이집,4423.252111906388564,3113.901527408891525,3298.897806934133314,4133.801644475996000,2640.268953454172333,2461.280497197225486,2924.563153921406865,1843.224614045151384,4017.360010313283055,2629.420733532803752,4145.183452779431718,4122.381055990444111,4090.473004415975538
나무와숲어린이집,5880.081902745655498,4518.168923733445808,4243.778493906568656,4790.211365994619882,3354.519643398866720,2387.461332974906327,2616.314739042142264,3027.859003419525834,5602.160106202013594,4109.476378415192812,5358.953391814652605,5675.581743393289798,5699.076548602508410
엄마품어린이집,4466.817106161907759,3152.783212300963442,3330.221198590498716,4163.684844646060810,2661.963439041249785,2462.989145775358793,2927.858689404537472,1865.282764699094059,4061.962015782454273,2667.170764560085900,4184.428803579595296,4166.742554316120732,4135.564231135848786
아기둥지어린이집,4459.950178585533649,3170.994824041883021,3380.283786749987939,4218.576703380011168,2746.124383135607331,2598.941429115245683,3060.193880652334883,1949.615915985245010,4049.483095966036672,2691.309692276760416,4199.947171773763330,4155.575742084427475,4120.143284845700691
은빛어린이집,5436.735386461215967,4043.200186245139321,3854.440358506857137,4493.383626843119600,2955.285671811079737,2068.065722838106012,2408.266659152357988,2490.486194084323870,5125.042895082700852,3599.954782343186253,4954.707711422209286,5206.883039002233090,5219.316719609769279
미소가득어린이집,5363.919832291587227,3966.335469560107867,3796.379866638611929,4452.516016184917135,2898.894032160362713,2036.638953184104139,2396.560963298788920,2405.193651883357688,5045.636338899430484,3516.704538194358065,4890.796247880944065,5129.121299069114684,5139.215258337213527
롯데중앙연구소 mom편한 어린이집,5016.799160698767992,3612.970097916423583,3542.940803244330709,4275.749548226382103,2675.447198207152724,1981.887978023805545,2417.440099641661618,2043.215252949029946,4667.558957444279258,3136.755299334075971,4592.902821914239212,4758.748407014637451,4756.848612767220402
꼬마별어린이집,5495.984484698134111,4103.943196969917153,3908.916554864251793,4541.279651063028723,3009.489473017332330,2113.597784139380110,2445.263225493457867,2554.148007622133264,5186.430124687817624,3662.726212791110356,5011.014820396817413,5267.746980591199645,5280.909426383495884
사과나무어린이집,5817.570500672380149,4442.428497791559494,4196.278308730519711,4773.972300381507921,3300.592211109096752,2352.242201481866232,2617.340306000094188,2925.752092555191211,5527.510364186206971,4020.680846425845630,5308.947451840663234,5603.988714849067946,5623.623119877550380
아이세상어린이집,4554.196802279469921,3261.253624895009125,3463.119610150838071,4300.190900617746593,2817.141308622997713,2642.157813081240874,3106.035956793244168,2020.101420867638808,4144.294690554333101,2780.255538141335364,4290.884860537460554,4250.263951973807707,4215.239765666732637
로뎀어린이집,5643.391881977237063,4255.421022701941183,4045.226199517971509,4661.168743809758780,3145.832339840254917,2230.885094377859787,2541.417980195208202,2713.422826407251250,5339.187828398052261,3819.309479537041625,5151.308921281066432,5419.194479263166613,5434.154969619524309
토란어린이집,5331.688431938269787,3929.246369086422419,3791.599811850676815,4473.667777700847182,2899.698881400685877,2081.315862076037774,2466.943672132832035,2358.225129278411714,5002.269477331213238,3469.241591829943900,4874.288016889287064,5088.555343323993839,5094.495904787266227
아이랑어린이집,6271.129815415211851,4913.395975195463507,4629.933224548691214,5159.131249874018977,3744.025896432199715,2771.135786017071041,2978.655260012228155,3426.311303536854666,5996.841339150773820,4507.065940876629611,5745.442392443436802,6069.456107303113640,6093.932470571537124
귀염이어린이집,4710.323307405319611,3397.066207437601861,3568.939077813306540,4400.463655742635638,2886.189180752590346,2637.874009085753642,3106.403370529510994,2091.198615183147467,4304.642227818480023,2911.105439510884935,4428.778315026860582,4409.640145447691793,4377.750582133906391
동화나라어린이집,5705.979971030438719,4309.126937427737175,4132.601025958500031,4777.397523522397933,3234.053195130329186,2353.145216936348788,2692.510731941404174,2748.518932581197987,5388.787896095123870,3860.032695639127724,5229.889130616083094,5472.090582544683457,5482.427521775996865
나래어린이집,6038.949189502170157,4652.268272368997714,4435.600377177284827,5038.769054790345763,3536.685748820159461,2609.665671356314306,2899.396416479828531,3110.618229862628141,5736.235644032105483,4216.735327989842517,5543.664881709802103,5815.972337004553992,5831.282539533985982
구립 모아어린이집,6074.794525789744512,4689.863369173610408,4467.807354994186426,5065.203382017049989,3569.318894337452093,2637.309403134283912,2920.401569561156975,3151.464233310871350,5774.176098666645885,4256.358589760903669,5576.966451876267456,5853.393286966899723,5869.404919705034445
해맑은방과후교실어린이집,5676.612385573908796,4274.503272699421359,4130.425016272641187,4802.157382218979365,3236.250303064502077,2394.799123706856335,2761.230952700062062,2703.835959441455088,5347.902563258958253,3814.906668464676386,5216.537666884401006,5434.096655509365519,5440.153714821532049
파란하늘빛어린이집,5015.494989503275974,3654.486774504028290,3741.467102569732560,4548.427009261361491,2973.189825861612007,2541.517065003880361,3010.223600918599459,2208.551263434070734,4625.077007281991428,3161.996268434874764,4682.037588446093650,4726.458202411238744,4704.315016815701711
보성어린이집,5718.226344549432724,4316.487710196969601,4168.987487163903097,4837.418948469960924,3274.111325240615770,2426.986583330110534,2789.277783680384346,2746.450749418634132,5390.547129716133895,3857.769914822748888,5256.485037736810227,5476.492043039788769,5482.924783258170464
오즈 어린이집,5972.919127081325314,4580.912458596686520,4382.375318347186294,5003.547746467454090,3482.842429778004771,2573.357308777095113,2883.047018107251006,3029.066944200073522,5663.213580544575052,4138.598966956716140,5486.256650152330621,5744.696659342269413,5757.603243432583440
나무와열매어린이집,5791.420253793736265,4390.324417080502826,4237.360738416092317,4900.367628394935309,3341.458737873143491,2485.404077196397793,2840.792272279199551,2821.385873303353947,5465.389560258645361,3933.012695355218966,5327.021380596982453,5550.937313508219631,5557.964858509756596
단꿈어린이집,5082.369708931444620,3725.534115476356419,3819.406668079776409,4628.282512657449843,3055.317444542575686,2627.126595083090251,3095.779396459667623,2288.319813072776014,4689.966662078660192,3233.201660186534355,4754.108820390401888,4791.836001018659772,4768.490817609129408
아장아장어린이집,6175.358059364459223,4779.972823276395502,4593.542162450639808,5222.705842147497606,3694.176091292907586,2793.113594468642987,3107.613172237077379,3221.033482407025986,5860.413620688334049,4332.367952186542425,5694.575812670223968,5943.262349240696494,5954.227862992067458
구립 한숲어린이집,6012.905516059451656,4611.081509369129890,4461.816125591800301,5124.744614476157039,3566.113821104013823,2708.199824535532116,3058.835758045679995,3040.684444890684063,5684.762178334149212,4151.783902721464983,5550.616254132069116,5770.889008595857376,5777.028445328885937
새자연어린이집,6156.653764627893906,4759.005411981934230,4583.111507548493137,5221.818110838295979,3684.284132617981413,2794.117395488472539,3118.477929462438624,3195.904940815313694,5837.771559930821240,4307.795973353986483,5681.070425082602924,5921.605442658922584,5931.149267473851069
상록어린이집,6430.766745090636505,5039.738900861131697,4835.118601732941897,5444.118223845744978,3935.752138960348475,3014.513009455791234,3305.070844870163000,3488.201874657131611,6122.278097020381210,4597.855047951373308,5941.101093290190875,6203.559697885375499,6216.728035114037084
방화엔젤어린이집,6478.361092597186143,5088.918550867775593,4878.706865943358025,5481.754708022737759,3979.595320574064772,3053.142185624864851,3337.114137341299283,3540.149716739783344,6172.011555430187400,4649.000787677992776,5985.978616294664789,6252.765608065925335,6266.664384007940498
예은어린이집,6242.963173663060843,4843.720123406191306,4675.699170010524540,5320.062035867738814,3777.431905537937837,2893.801932973689418,3222.323021532288294,3277.612827561440554,5920.887198412355247,4389.563484340845207,5771.361064389532658,6005.540605504794257,6013.877387448736954
꿈꾸는어린이집,6311.344275825569639,4910.512368199663797,4751.838582680780746,5403.261951131146816,3854.474276040215500,2979.390318193717576,3313.676059911862467,3341.584737188716190,5985.622126104019117,4453.125574298035644,5844.529981996934112,6071.202694250308923,6078.152858775902132
엄마사랑어린이집,6453.720422857089943,5055.097516165095840,4882.369088996199025,5520.053841782836571,3983.590435063095811,3091.583219733142869,3410.402213640695209,3489.822228748808357,6132.801798320909256,4601.794484417228887,5979.849623273395082,6217.206989398441692,6225.900238912754503
포도원어린이집,6573.955307061960411,5176.940704940671822,4995.515035280061056,5624.075368775275820,4096.218408574280147,3194.110614002714556,3502.415336732028209,3614.305068331215352,6256.029827559942532,4726.190833653564368,6095.743430802605872,6339.708216482198623,6349.459543673331609
