시군구명,어린이집명,어린이집유형,상세주소,보육실수,보육실 면,보육교직원,정원,현원,시설 위도(,시설 경도(,서울형어린,환경지수,접근지수,위험지수,평가등급,서울형 or 국공립
강서구,BeBe스쿨어린이집,가정,서울특별시 강서구 초록마을로 146 102호,3,55,7,20,18,37.53691464,126.8482806,0,2.083,0.017813216,0,0,0
강서구,e-다솔어린이집,가정,서울특별시 강서구 강서로45나길 15 101동 101호(내발산동 수산오성아파트),3,53,6,19,13,37.54860249,126.835403,0,2.167,0.018104689,3.819,1,0
강서구,KB강서어린이집,직장,서울특별시 강서구 양천로 643 2층,4,213,16,70,48,37.55378652,126.8695904,0,1.75,0.016993557,0,1,0
강서구,LG CNS어린이집,직장,서울특별시 강서구 마곡중앙10로 70,3,120,12,35,29,37.56294099,126.8355936,0,1.75,0.068531324,0,1,0
강서구,LG이노텍 서울어린이집,직장,서울특별시 강서구 마곡중앙10로 30 E3,4,97,12,30,25,37.56208025,126.8321802,0,1.75,0.08277779,0,1,0
강서구,N젤어린이집,직장,서울특별시 강서구 마곡중앙로 177,3,98,13,30,26,37.57015309,126.8274447,0,1,0.031155772,0,1,0
강서구,강서구청어린이집,직장,서울특별시 강서구 화곡로44나길 72 1층2층 강서구청어린이집,4,198,15,49,34,37.54977756,126.8509648,0,1.833,0.028881521,0,1,0
강서구,강서한강자이어린이집,민간,서울특별시 강서구 양천로55길 55 강서한강자이 관리동어린이집,7,219,17,70,65,37.56629831,126.8481956,0,2.083,0.030694283,0,1,0
강서구,강서햇빛발도르프어린이집,협동,서울특별시 강서구 까치산로18길 35 강서햇빛발도르프어린이집,3,94,7,35,17,37.54671627,126.8508408,0,1.917,0.021128418,0,0,0
강서구,개구리 어린이집,협동,서울특별시 강서구 초록마을로24길 21-4,4,80,7,32,18,37.53920286,126.850679,0,1.75,0.016631728,0,1,0
강서구,고모랑이모랑어린이집,가정,서울특별시 강서구 송정로 46-6,3,54,2,16,3,37.55896885,126.810853,0,2.083,0.015241178,0,0,0
강서구,고운아이어린이집,가정,서울특별시 강서구 마곡중앙1로 71 1307동 101호(공항동마곡13단지힐스테이트마스터),3,55,7,20,20,37.55800569,126.8171481,0,1.417,0.016740269,0,1,0
강서구,공간어린이집,민간,서울특별시 강서구 양천로69길 58 공간어린이집 (염창동),5,135,9,47,30,37.55493073,126.8736881,0,1.333,0.018503021,0,1,0
강서구,구립 가온어린이집,국공립,서울특별시 강서구 양천로 590 102동 102호,3,65,8,20,20,37.55579891,126.8644291,0,2.25,0.0193972,0,1,1
강서구,구립 강변어린이집,국공립,서울특별시 강서구 허준로 139,5,160,10,57,43,37.56495172,126.8556942,0,2.083,0.035302031,0,1,1
강서구,구립 꼬꼬마라인어린이집,국공립,서울특별시 강서구 화곡로68길 33 102동 101호(등촌동 라인아파트),4,60,8,20,20,37.55951064,126.8564658,0,2.75,0.026090065,0,1,1
강서구,구립 노블키즈어린이집,국공립,서울특별시 강서구 강서로47길 108 109동 102호,3,70,8,20,19,37.55394254,126.8294145,0,2.417,0.031105,1.697,0,1
강서구,구립 늘사랑어린이집,국공립,서울특별시 강서구 등촌로 163 102동 102호(등촌동 등촌아이파크),3,79,11,20,20,37.5447134,126.8616174,0,1,0.054656393,0,1,1
강서구,구립 드보라어린이집,국공립,서울특별시 강서구 강서로47길 63 103호(내발산동 예스빌),4,65,9,19,18,37.55276915,126.8326724,0,2.667,0.027523538,0,1,1
강서구,구립 뜰아래어린이집,국공립,서울특별시 강서구 양천로67가길 49 201동 105호,3,65,8,19,19,37.55391833,126.870654,0,1.667,0.018195521,0,1,1
강서구,구립 라온어린이집,국공립,서울특별시 강서구 곰달래로53길 112,5,180,15,67,58,37.53603636,126.8565419,0,2,0.024345773,19.994,1,1
강서구,구립 모아어린이집,국공립,서울특별시 강서구 방화대로45길 78 101동 103호(방화동 보람쉬움아파트),4,60,9,20,18,37.57458953,126.8120673,0,2.583,0.026052622,0,1,1
강서구,구립 밤비어린이집,국공립,서울특별시 강서구 공항대로45길 68-6 106동 104호(등촌동 등촌서광마을아파트),3,60,8,20,20,37.55775519,126.8576971,0,2.75,0.022367801,0,1,1
강서구,구립 보솜어린이집,국공립,서울특별시 강서구 공항대로43길 39 1106동 1층 6호,4,96,10,28,23,37.55924761,126.8496331,0,2.667,0.024251473,0,1,1
강서구,구립 뽄다어린이집,국공립,서울특별시 강서구 강서로17라길 7-8 (화곡동),4,68,10,20,20,37.53285642,126.840338,0,2.333,0.023647232,2.766,0,1
강서구,구립 새하늘어린이집,국공립,서울특별시 강서구 강서로17다길 15-14,7,245,15,92,87,37.53329711,126.8414119,0,2.417,0.027095091,0,1,1
강서구,구립 샛별어린이집,국공립,서울특별시 강서구 초록마을로 166,3,106,9,19,18,37.53633516,126.8460868,0,2.25,0.021192204,0,1,1
강서구,구립 소은어린이집,국공립,서울특별시 강서구 양천로67길 77 104동 101호(염창동 우성1차아파트),3,53,8,19,19,37.55617616,126.8714367,0,1.083,0.017388893,0,1,1
강서구,구립 스마일어린이집,국공립,서울특별시 강서구 강서로 266 114동 103호(화곡동 우장산아이파크 이편한세상),3,85,7,20,20,37.55044129,126.8367641,0,2.417,0.025238791,0,1,1
강서구,구립 신태양어린이집,국공립,서울특별시 강서구 곰달래로31다길 25,7,306,16,99,79,37.53363601,126.8526347,0,2.333,0.027910635,15.372,0,1
강서구,구립 아기별어린이집,국공립,서울특별시 강서구 강서로 348 108동 101호(내발산동 우장산힐스테이트),3,60,7,20,20,37.55649444,126.8389125,0,2.667,0.031315492,2.121,1,1
강서구,구립 아이나무어린이집,국공립,서울특별시 강서구 화곡로13가길 5,5,130,12,48,44,37.54136832,126.833593,0,2.167,0.030562157,0,1,1
강서구,구립 아이솔 어린이집,국공립,서울특별시 강서구 개화동로27길 13 (방화동),6,180,12,71,48,37.56444575,126.8073559,0,1.833,0.046603473,0,1,1
강서구,구립 아이편한어린이집,국공립,서울특별시 강서구 공항대로 583 염창동 e편한세상 염창아파트 관리동,6,262,15,65,55,37.54936148,126.8706025,0,1.583,0.023365397,0,1,1
강서구,구립 엔젤아이어린이집,국공립,서울특별시 강서구 양천로 507 106동 104호,3,47,7,16,16,37.56088267,126.8566782,0,2.75,0.027057977,0,1,1
강서구,구립 엠밸리큰나무어린이집,국공립,서울특별시 강서구 마곡중앙8로1길 10,5,230,14,70,43,37.56184245,126.8360771,0,2.25,0.050700499,0,1,1
강서구,구립 염창별하어린이집,국공립,서울특별시 강서구 공항대로 543,5,138,14,45,42,37.55074889,126.8664412,0,1.5,0.01849799,0,1,1
강서구,구립 우장숲어린이집,국공립,서울특별시 강서구 화곡로41길 19,5,215,14,72,57,37.54645059,126.8439612,0,2.833,0.017986068,9.05,1,1
강서구,구립 이든아이어린이집,국공립,서울특별시 강서구 까치산로18나길 22-1,5,186,11,59,46,37.54634468,126.8491272,0,2.333,0.027336114,0,1,1
강서구,구립 진로어린이집,국공립,서울특별시 강서구 공항대로 351-21 102동 102호,3,85,8,19,19,37.55982528,126.8469354,0,2.667,0.032882615,0,1,1
강서구,구립 청솔어린이집,국공립,서울특별시 강서구 강서로47마길 71 107호,3,58,7,19,12,37.5500975,126.8325381,0,2.667,0.018958703,0,1,1
강서구,구립 코알라아가마을어린이집,국공립,서울특별시 강서구 허준로 175 608동 101호(가양동 가양6단지아파트),3,43,8,16,16,37.56307515,126.8592207,0,2.417,0.029287523,0,1,1
강서구,구립 큰별어린이집,국공립,서울특별시 강서구 화곡로63가길 71 1005동 106호(등촌동 등촌주공10단지아파트),3,50,6,15,15,37.56247823,126.8483052,0,2.833,0.029712296,0,1,1
강서구,구립 태진한솔어린이집,국공립,서울특별시 강서구 공항대로71길 54 103동 101호(염창동 태진한솔아파트),3,53,9,19,19,37.54928399,126.8739296,0,1.333,0.020996627,0,0,1
강서구,구립 푸른별어린이집,국공립,서울특별시 강서구 강서로47길 158 201동 104호,3,72,12,20,20,37.55386354,126.8277539,0,1.917,0.028040186,3.394,1,1
강서구,구립 푸른솔어린이집,국공립,서울특별시 강서구 화곡로13길 107 104동 104호(화곡동화곡푸르지오),4,55,8,19,18,37.54240976,126.8309768,0,1.583,0.039315096,0,1,1
강서구,구립 피노키오어린이집,국공립,서울특별시 강서구 강서로12길 73,5,217,10,48,25,37.53226457,126.8511044,0,2.417,0.024382062,7.92,1,1
강서구,구립 하나로어린이집,국공립,서울특별시 강서구 양천로73길 5 101동 105호,3,59,9,20,20,37.55162665,126.8719,0,1.5,0.018817216,0,1,1
강서구,구립 하늘마음어린이집,국공립,서울특별시 강서구 초록마을로 106,7,154,15,51,41,37.53899993,126.8514078,0,1.583,0.019999309,0,1,1
강서구,구립 한숲어린이집,국공립,서울특별시 강서구 방화대로50길 7 101동 102호(방화동 한숲마을대림아파트),4,60,8,20,16,37.57706018,126.8175996,0,2.167,0.025746502,0,1,1
강서구,구립 해담어린이집,국공립,서울특별시 강서구 금낭화로11길 36,5,206,15,73,63,37.57001877,126.810361,0,2,0.036217196,0,1,1
강서구,구립 해뜰어린이집,국공립,서울특별시 강서구 강서로68길 36 등촌주공2단지아파트 근로복지관2층,5,94,13,35,30,37.56514531,126.8432346,0,1.833,0.025480251,0,1,1
강서구,구립공항어린이집,국공립,서울특별시 강서구 남부순환로11길 81 (공항동),8,269,19,104,65,37.55704677,126.8145833,0,1.417,0.017144723,2.262,1,1
강서구,구립대우주어린이집,국공립,서울특별시 강서구 화곡로13길 107 135동 101호,4,97,10,20,20,37.5444628,126.8316879,0,2.25,0.036886422,0,1,1
강서구,구립볏고을어린이집,국공립,서울특별시 강서구 화곡로58길 100 (화곡동),5,417,13,86,65,37.55154073,126.8560991,0,1.833,0.034276089,0,1,1
강서구,국공립 가양 7 어린이집,국공립,서울특별시 강서구 허준로 209 (가양동),5,196,13,79,50,37.5612567,126.8624611,0,1.917,0.021427934,0,1,1
강서구,굿모닝어린이집,가정,서울특별시 강서구 화곡로68길 33 라인아파트101-104,4,58,7,20,20,37.55902817,126.8561074,0,3.083,0.026495153,0,1,0
강서구,근로복지공단 강서어린이집,법인?단체등,서울특별시 강서구 강서로33가길 42,6,441,26,114,95,37.5435547,126.8378767,0,3,0.022795295,0,1,0
강서구,근로복지공단 등촌어린이집,법인?단체등,서울특별시 강서구 강서로56나길 128,6,198,15,73,40,37.5645965,126.8438328,0,2.167,0.02224791,0,1,0
강서구,까꿍어린이집,가정,서울특별시 강서구 강서로10길 150 (화곡동),2,59,3,12,4,37.53091482,126.8561501,0,2,0.025026141,1.414,1,0
강서구,까치산어린이집,국공립,서울특별시 강서구 강서로12길 29-10,5,450,12,79,72,37.53236233,126.8484992,0,2.583,0.034379679,6.788,1,1
강서구,꼬마궁어린이집,가정,서울특별시 강서구 등촌로13바길 49-12,3,39,6,14,12,37.53521199,126.8574965,0,1.917,0.022057382,15.512,1,0
강서구,꼬마별어린이집,가정,서울특별시 강서구 방화대로44길 42 101동 103호(방화동 승윤노블리안아파트),4,61,7,19,13,37.57144261,126.8176841,0,2.083,0.022037158,0,1,0
강서구,꼬마숲어린이집,민간,서울특별시 강서구 강서로45다길 30-27 초록아파트 단지 내 관리사무소 1층 꼬마숲어린이집,3,121,10,41,41,37.54563976,126.8340955,0,2.5,0.02752897,1.273,1,0
강서구,꼬모어린이집,가정,서울특별시 강서구 양천로 731 동아3차 305-103,4,109,8,20,20,37.55025388,126.8773982,0,1.167,0.036093216,0,1,0
강서구,꿈꾸는어린이집,민간,서울특별시 강서구 금낭화로24가길 21 (방화동),6,135,8,47,27,37.57901608,126.8151864,0,2.25,0.037608061,0,0,0
강서구,꿈땅어린이집,가정,서울특별시 강서구 우장산로8길 42 천우네오젠아파트 101호 (내발산동),3,52,4,19,8,37.55283182,126.8405217,0,2.25,0.014141351,0,1,0
강서구,꿈비어린이집,민간,서울특별시 강서구 수명로2가길 22 마곡수명산파크7단지 내 꿈비어린이집,6,121,8,45,22,37.5595365,126.8209783,0,1.917,0.013565962,0,1,0
강서구,꿈사랑어린이집,가정,서울특별시 강서구 강서로47길 108 104동 101호(내발산동 마곡수명산파크1단지아파트),3,84,6,19,14,37.55487355,126.8314947,0,2.417,0.032884202,0,0,0
강서구,꿈이있는어린이집,가정,서울특별시 강서구 공항대로59길 64 202동 106호(등촌동 한사랑삼성2차아파트),3,55,7,19,14,37.55448207,126.8639775,0,2.25,0.01509415,0,1,0
강서구,꿈초롱어린이집,가정,서울특별시 강서구 허준로 234 912동 106호(가양동 도시개발9단지아파트),3,55,6,13,13,37.55830669,126.8631088,0,2,0.021709738,0,1,0
강서구,나래어린이집,국공립,서울특별시 강서구 양천로17길 25 (방화동),4,102,12,38,35,37.57456574,126.8126871,0,2.583,0.026042241,0,1,1
강서구,나무와숲어린이집,가정,서울특별시 강서구 양천로14길 37 102동 108호,4,76,8,20,20,37.57084923,126.8099259,0,2.167,0.034166146,0,0,0
강서구,나무와열매어린이집,민간,서울특별시 강서구 방화대로48길 40 방화2단지아파트(방화동),6,276,20,99,79,37.57520118,126.8186089,0,2.417,0.027796622,0,1,0
강서구,늘푸른어린이집,민간,서울특별시 강서구 가로공원로76가길 53 2층 (화곡동),4,108,8,39,34,37.53407015,126.8417299,0,2.333,0.021381169,0,1,0
강서구,늘품어린이집,민간,서울특별시 강서구 강서로18다길 41 2층,5,132,6,39,15,37.53595984,126.8467353,0,2,0.013664234,0,0,0
강서구,다니엘어린이집,가정,서울특별시 강서구 양천로55길 55 108동 102호(가양동 가양한강자이),3,61,3,20,6,37.56690101,126.8491989,0,2,0.019205065,0,1,0
강서구,다해영재어린이집,민간,서울특별시 강서구 강서로 266 우장산대림e편한세상파크 관리동 다해영재어린이집,5,218,14,70,59,37.54878041,126.8394695,0,2.5,0.02315646,0,1,0
강서구,단꿈어린이집,가정,서울특별시 강서구 양천로47길 118 104동 101호 (마곡동 벽산아파트),3,64,7,20,19,37.57538898,126.8377624,0,0.917,0.111905968,0,0,0
강서구,단비어린이집,국공립,서울특별시 강서구 까치산로 166,3,90,9,34,26,37.55187725,126.8530486,0,1.667,0.021840793,0,1,1
강서구,단이슬어린이집,국공립,서울특별시 강서구 공항대로8가길 40,6,178,16,67,66,37.5585281,126.8141561,0,2,0.020511768,1.131,1,1
강서구,단향어린이집,가정,서울특별시 강서구 초록마을로 156-3,2,49,7,14,8,37.53646037,126.8471048,1,2,0.013546392,0,1,1
강서구,달님별님어린이집,가정,서울특별시 강서구 곰달래로51길 14 (화곡동),3,90,8,20,19,37.53236828,126.8585119,0,1.667,0.034554534,0,1,0
강서구,대림어린이집,가정,서울특별시 강서구 공항대로39길 100 105동 103호(등촌동 대림아파트),3,60,6,20,13,37.56257367,126.8472071,0,2.583,0.025365533,0,1,0
강서구,더조은영재어린이집,가정,서울특별시 강서구 방화대로34길 88 102동 103호(방화동 마곡푸르지오아파트),4,79,6,20,20,37.5702009,126.8217197,0,1.917,0.030221456,0,1,0
강서구,도담어린이집,가정,서울특별시 강서구 마곡서1로 100 607-104(마곡동마곡엠벨리6단지),4,76,7,20,19,37.56623096,126.8210217,0,1.833,0.018710233,0,1,0
강서구,도토리어린이집,가정,서울특별시 강서구 곰달래로51길 46,3,57,6,20,15,37.53380936,126.8580736,0,1.667,0.024711258,7.212,0,0
강서구,동광어린이집,가정,서울특별시 강서구 양천로75길 57 104동 110호(염창동 288 현대1차),3,53,6,20,16,37.55312362,126.8743815,0,1.417,0.01860541,0,1,0
강서구,동그라미어린이집,가정,서울특별시 강서구 강서로 266 117동 102호(화곡동 우장산아이파크이편한세상아파트),4,111,5,20,13,37.5498844,126.8380242,0,2.667,0.024095014,0,0,0
강서구,동글동글어린이집,가정,서울특별시 강서구 허준로 175 가양6단지아파트 603동 101호,3,37,6,12,11,37.56354002,126.8580568,0,2.417,0.035875436,0,1,0
강서구,동부해맑은어린이집,가정,서울특별시 강서구 남부순환로 11 103동 101호(공항동 공항동부센트레빌),3,62,6,19,18,37.56014727,126.8082837,0,1.75,0.055862097,0,1,0
강서구,동산어린이집,민간,서울특별시 강서구 양천로75길 44 (염창동),6,278,11,132,78,37.55148689,126.8755382,0,1.417,0.028370475,0,0,0
강서구,동성스마일어린이집,가정,서울특별시 강서구 강서로68길 108 동성아파트 106-106,3,56,6,20,18,37.56375765,126.8465652,0,2.5,0.028728588,0,0,0
강서구,동아어린이집,가정,서울특별시 강서구 양천로 731 306동 102호(염창동 동아3차아파트),3,53,8,20,20,37.54960744,126.8777635,1,0.833,0.026204404,0,1,1
강서구,동화나라어린이집,가정,서울특별시 강서구 양천로 125 101동 107호(방화동 장미아파트),4,57,5,20,12,37.57369488,126.8175456,0,2.667,0.020331143,0,1,0
강서구,두빛나래터발도르프어린이집,협동,서울특별시 강서구 등촌로39마길 52,2,52,5,15,14,37.54646537,126.8574272,0,1.167,0.043450472,0,1,0
강서구,드림어린이집,국공립,서울특별시 강서구 수명로2길 50 (내발산동),4,164,8,49,19,37.54941891,126.8262733,0,1.833,0.024538536,1.697,1,1
강서구,디앤오 강서어린이집,직장,서울특별시 강서구 마곡중앙로 150 2층,4,151,6,36,7,37.56698994,126.8285358,0,1.083,0.026156819,0,1,0
강서구,또래방어린이집,가정,서울특별시 강서구 강서로 266 126동 104호(화곡동 우장산아이파크이편한세상),3,100,7,20,18,37.54984031,126.8387175,1,2.417,0.024315168,0,1,1
강서구,뚜띠어린이집,가정,서울특별시 강서구 허준로 139 307-103,3,53,7,12,12,37.56592527,126.8560884,0,1.833,0.036887463,0,0,0
강서구,라임어린이집,가정,서울특별시 강서구 우현로 67 113동 103호(화곡동강서힐스테이트),3,60,6,20,19,37.54703394,126.8388904,0,3.167,0.022280176,0,1,0
강서구,로뎀어린이집,민간,서울특별시 강서구 양천로24길 31 로뎀어린이집 (방화동),8,308,14,115,68,37.57195771,126.8157698,0,2.167,0.024980247,0,1,0
강서구,롯데어린이집,민간,서울특별시 강서구 공항대로 382 롯데낙천대아파트 단지 내  롯데어린이집,4,114,10,43,41,37.55573578,126.8494817,1,2.583,0.029871567,0,1,1
강서구,롯데중앙연구소 mom편한 어린이집,직장,서울특별시 강서구 마곡중앙로 201,3,149,10,36,21,37.57142394,126.827753,0,0.917,0.037358643,0,1,0
강서구,리라어린이집,민간,서울특별시 강서구 초록마을로18길 36,8,197,15,74,67,37.54056986,126.8488757,0,2.167,0.024816432,1.131,0,0
강서구,리틀빌리지어린이집,민간,서울특별시 강서구 공항대로67길 29-4,7,333,19,126,121,37.54988715,126.8700215,0,1.75,0.026718715,0,1,0
강서구,리틀킹어린이집,직장,서울특별시 강서구 공항대로 607,3,157,4,49,7,37.54747584,126.8723965,0,1.417,0.015644462,0,1,0
강서구,리틀현대아이어린이집,가정,서울특별시 강서구 강서로 348 118동 103호(내발산동 현대홈타운),4,80,8,20,19,37.55584496,126.8400089,0,2.667,0.02998051,2.121,0,0
강서구,마곡 이화어린이집,민간,서울특별시 강서구 마곡중앙3로 74 관리동 1층(마곡동마곡힐스테이트),6,301,17,79,70,37.56452435,126.8171209,0,2.167,0.019942453,1.697,1,0
강서구,마곡1 고운비어린이집,국공립,서울특별시 강서구 마곡서1로 131 101동 115호(마곡동 엠벨리1단지아파트),4,60,8,20,20,37.56849832,126.8189562,0,2.083,0.020007846,3.96,1,1
강서구,마곡1 하람어린이집,국공립,서울특별시 강서구 마곡서1로 131,3,129,9,23,23,37.56838715,126.8184386,0,2.167,0.024304492,3.96,1,1
강서구,마곡13 하나어린이집,국공립,서울특별시 강서구 마곡중앙1로 71 (마곡동 마곡13단지힐스테이트마스터),9,317,22,120,111,37.55776953,126.8188379,0,1.917,0.01992433,0,1,1
강서구,마곡15 누리어린이집,국공립,서울특별시 강서구 마곡중앙로 36,6,485,16,82,69,37.55645949,126.82695,0,2.083,0.03624027,0,1,1
강서구,마곡2 해오름어린이집,국공립,서울특별시 강서구 마곡서1로 146,3,117,10,39,31,37.56902581,126.8207038,0,1.833,0.020973705,0,1,1
강서구,마곡3 연두어린이집,국공립,서울특별시 강서구 마곡서1로 132,4,130,9,30,26,37.56829691,126.8198141,0,2,0.022343658,1.98,1,1
강서구,마곡4 꿈의숲어린이집,국공립,서울특별시 강서구 마곡서로 175,3,171,13,34,34,37.5693193,126.8241385,0,1.667,0.035456101,0,1,1
강서구,마곡5 해맑은어린이집,국공립,서울특별시 강서구 마곡서1로 111-11,5,180,13,66,66,37.56577925,126.8172904,0,2.25,0.021604633,0,1,1
강서구,마곡6 마곡숲어린이집,국공립,서울특별시 강서구 마곡서1로 100,8,534,19,93,92,37.56382081,126.8225187,0,2.083,0.026689043,0,1,1
강서구,마곡7 미래꿈어린이집,국공립,서울특별시 강서구 마곡서로 133,6,240,17,88,73,37.5658867,126.8227628,0,1.917,0.021189067,0,1,1
강서구,마곡8 열린숲어린이집,국공립,서울특별시 강서구 마곡서1로 81 807동 1층(마곡동 마곡엠밸리8단지),6,203,17,65,63,37.56386299,126.8191429,0,1.75,0.019952288,3.394,1,1
강서구,마곡9 나인어린이집,국공립,서울특별시 강서구 공항대로 103 엠밸리9단지 관리동,8,380,24,122,119,37.56201983,126.818737,0,2.333,0.021789692,5.091,1,1
강서구,마곡두린아이어린이집,가정,서울특별시 강서구 마곡중앙1로 71 1305동 102호(마곡동 마곡13단지힐스테이트마스터),3,55,6,20,20,37.55762053,126.8171547,0,1.417,0.018165309,0,1,0
강서구,마곡사임당어린이집,민간,서울특별시 강서구 수명로2길 105 마곡수명산파크5단지 509동 관리동 마곡사임당어린이집,4,104,9,39,22,37.55234931,126.8273726,0,1.667,0.024462788,3.394,1,0
강서구,마곡아이숲어린이집,가정,서울특별시 강서구 마곡중앙로 36 1503동 105호(발산1동 마곡엠밸리15단지),3,76,6,20,20,37.55707207,126.8284227,0,1.833,0.034789533,0,1,0
강서구,마곡어린이집,가정,서울특별시 강서구 마곡중앙1로 71 1308동 102호(마곡동마곡13단지힐스테이트마스터),3,55,4,20,15,37.55812636,126.8179825,0,1.917,0.016525418,0,0,0
강서구,마곡자연숲어린이집,민간,서울특별시 강서구 수명로1길 110 마곡수명산파크3단지 303,3,99,7,37,14,37.55356847,126.8246933,0,1.833,0.016135124,3.394,1,0
강서구,마곡코오롱어린이집,직장,서울특별시 강서구 마곡동로 110 1층 (마곡동 코오롱미래기술원),4,226,20,65,48,37.56459779,126.8348543,0,1.583,0.094425299,0,1,0
강서구,명지어린이집,가정,서울특별시 강서구 등촌로13아길 44 101동 106호(화곡동 명지해드는터 아파트),3,48,2,18,2,37.53689877,126.8563544,0,1.667,0.010288819,16.176,0,0
강서구,몬테소리동화나라어린이집,가정,서울특별시 강서구 방화대로 319 101동 102호(방화동 길성아파트),4,60,8,20,20,37.56929364,126.816164,1,2.333,0.020666543,5.94,1,1
강서구,미소가득어린이집,가정,서울특별시 강서구 방화대로40길 66 태승훼미리 105호 (방화동),4,68,8,19,18,37.57132008,126.8200361,0,1.833,0.027936013,0,1,0
강서구,미소담어린이집,민간,서울특별시 강서구 곰달래로18길 33-13 1층 (화곡동),5,169,12,49,44,37.52878417,126.8422077,0,2.083,0.035410973,0,1,0
강서구,미소어린이집,가정,서울특별시 강서구 마곡서1로 81 804동 103호(마곡동 마곡엠벨리 8단지),4,64,7,20,20,37.56349472,126.8198936,0,1.917,0.018022756,3.394,0,0
강서구,민들레어린이집,가정,서울특별시 강서구 허준로 175 613동 103호(가양동 가양6단지아파트),2,68,6,16,16,37.56235296,126.8599436,0,2.167,0.032978713,0,1,0
강서구,밀알몬테소리어린이집,민간,서울특별시 강서구 공항대로59길 82,5,203,16,75,66,37.55545542,126.8634366,0,2.333,0.019448908,0,0,0
강서구,발산 빅스맘 어린이집,민간,서울특별시 강서구 우장산로2길 57 (내발산동),6,120,3,39,4,37.55226369,126.8371822,0,2.5,0.013849218,2.121,0,0
강서구,발산어린이집,국공립,서울특별시 강서구 우장산로 45 구립 발산어린이집 (내발산동),8,699,26,141,105,37.5544416,126.8421884,0,2.667,0.033098297,0,1,1
강서구,방화엔젤어린이집,민간,서울특별시 강서구 금낭화로 287-19 (방화동),6,189,13,67,56,37.57804638,126.8102133,0,2.417,0.040026007,0,0,0
강서구,베베키즈어린이집,가정,서울특별시 강서구 강서로45길 18 태승훼미리아파트 101동103호 (내발산동),4,52,3,18,7,37.54825438,126.835149,0,2.167,0.016503881,3.819,0,0
강서구,별강서어린이집,민간,서울특별시 강서구 까치산로22길 10 (화곡동),6,148,14,49,40,37.54890179,126.8514758,0,1.833,0.028363618,0,0,0
강서구,별나라어린이집,가정,서울특별시 강서구 우현로 67 108동 101호(화곡동 강서힐스테이트),3,58,7,18,15,37.54605039,126.8378232,0,3.083,0.020865508,0,1,0
강서구,별빛어린이집,국공립,서울특별시 강서구 공항대로 447 (등촌동),5,242,14,84,69,37.55452391,126.8615866,0,2.333,0.021520246,0,1,1
강서구,보배어린이집,가정,서울특별시 강서구 강서로33가길 13-13 (화곡3동 1050-26),4,40,5,14,11,37.54213361,126.838433,0,2.833,0.014706766,1.698,1,0
강서구,보성어린이집,국공립,서울특별시 강서구 방화대로48길 40 (방화동),4,360,13,84,59,37.57482171,126.8193937,0,2.5,0.03671091,0,1,1
강서구,블루나인어린이집,직장,서울특별시 강서구 화곡로66길 186-4 186-4,10,347,13,99,42,37.55391149,126.8626047,0,2.333,0.016941953,0,1,0
강서구,뽀로로와친구들 어린이집,가정,서울특별시 강서구 초록마을로16길 24 (화곡동),3,80,2,18,3,37.54108007,126.849267,1,2.083,0.016305983,1.131,1,1
강서구,쁘띠아미 에꼴 어린이집,민간,서울특별시 강서구 곰달래로53길 133 (화곡동),8,242,12,81,46,37.53668953,126.8555733,0,1.5,0.021828932,19.994,1,0
강서구,사과나무어린이집,가정,서울특별시 강서구 양천로24가길 59 105동 102호(방화동 한진로즈힐),3,58,7,19,14,37.57171308,126.8122419,0,2,0.023318075,0,1,0
강서구,사랑둥이어린이집,가정,서울특별시 강서구 강서로 348 111동 101호(내발산동 우장산현대홈타운아파트),3,45,6,17,16,37.55705769,126.8390751,0,2.333,0.027130256,2.121,1,0
강서구,사랑샘어린이집,가정,서울특별시 강서구 마곡서1로 111-11 마곡엠밸리 503-104,4,62,9,20,20,37.5653312,126.818879,0,2.167,0.017554947,0,1,0
강서구,사랑어린이집,가정,서울특별시 강서구 허준로 23 한강타운 105동 101호,3,84,7,19,18,37.57056589,126.8440609,0,1.167,0.046527157,0,0,0
강서구,사이언스파크어린이집,직장,서울특별시 강서구 마곡중앙10로 30,16,2245,63,300,276,37.56364049,126.8316702,0,2,0.376506311,0,0,0
강서구,상록어린이집,국공립,서울특별시 강서구 금낭화로23길 25 (방화동),4,193,8,45,39,37.57795522,126.810955,0,2.417,0.046625032,0,1,1
강서구,새빛어린이집,가정,서울특별시 강서구 화곡로18길 14-41 1층 새빛어린이집,3,62,7,20,16,37.5391349,126.8343475,0,1.833,0.027850389,0,1,0
강서구,새서원어린이집,가정,서울특별시 강서구 화곡로24길 55 (화곡동),3,65,6,20,17,37.53859238,126.8394772,0,2.25,0.021515981,0.849,1,0
강서구,새소망어린이집,민간,서울특별시 강서구 강서로18길 125 (화곡동),4,118,12,34,32,37.53528686,126.8524476,0,2.25,0.024376593,10.139,1,0
강서구,새싹과 나무어린이집,가정,서울특별시 강서구 양천로30길 77 103-101,3,64,7,20,20,37.56883287,126.8242104,0,1.5,0.028533191,0,1,0
강서구,새싹어린이집,국공립,서울특별시 강서구 양천로24가길 73 (방화동),6,357,14,84,62,37.57048533,126.8133737,0,2.417,0.031470844,0,1,1
강서구,새영어린이집,민간,서울특별시 강서구 양천로63길 58 벽산아파트 관리동 새영어린이집,7,163,12,73,31,37.5576095,126.8660215,0,2.417,0.012806173,0,0,0
강서구,새자연어린이집,민간,서울특별시 강서구 방화대로47가길 22 삼익아파트 내 유치원동 (방화동),5,223,10,72,34,37.57713921,126.8148316,0,2.333,0.027365554,0,0,0
강서구,서울YMCA방화어린이집,국공립,서울특별시 강서구 개화동로21길 4 방화11단지아파트 내 서울YMCA방화어린이집 (방화동),3,193,8,45,33,37.56943517,126.8060752,0,1.5,0.053559597,0,1,1
강서구,석란어린이집,민간,서울특별시 강서구 초록마을로32길 38 (화곡동),4,263,6,82,21,37.53825822,126.8473784,0,2.333,0.01573598,0,1,0
강서구,성산어린이집,민간,서울특별시 강서구 개화동로23길 111,5,194,15,70,61,37.56539789,126.8111282,1,2.417,0.026320521,0,1,1
강서구,수명산어린이집,민간,서울특별시 강서구 강서로47길 108 마곡수명산파크 1단지 보육시설,4,101,6,35,12,37.55353857,126.8304424,1,2.417,0.021458075,0,1,1
강서구,수성어린이집,민간,서울특별시 강서구 가로공원로84길 27 (화곡동),8,240,15,90,82,37.53633277,126.8408793,0,2.417,0.023404953,0,0,0
강서구,수잔나어린이집,가정,서울특별시 강서구 강서로15길 24 태흥빌라 102호 (화곡동),3,52,6,17,11,37.53241855,126.8447372,0,2.5,0.016373433,0,0,0
강서구,숲속나라어린이집,민간,서울특별시 강서구 까치산로4길 64-6 (화곡동),4,107,10,40,40,37.54026657,126.8458369,0,2.417,0.021821157,1.131,1,0
강서구,숲으로 가는 어린이집,가정,서울특별시 강서구 양천로69길 18 101동 111호(염창동 극동아파트),3,59,6,19,17,37.5529349,126.8714818,0,1.5,0.019133426,0,1,0
강서구,신영광어린이집,민간,서울특별시 강서구 공항대로43길 104 주공아파트 8단지관리사무소2층 (등촌동),4,81,7,32,10,37.56080787,126.8508495,1,2.75,0.016808779,0,1,1
강서구,신원어린이집,국공립,서울특별시 강서구 양천로77길 45 무학아파트 상가동,6,300,20,110,99,37.55107798,126.8770189,0,1.25,0.031482998,0,1,1
강서구,썬에듀스쿨어린이집,민간,서울특별시 강서구 곰달래로15길 32 (화곡동),9,377,20,125,117,37.53167076,126.8397098,0,2.167,0.034320001,2.766,1,0
강서구,아기둥지어린이집,가정,서울특별시 강서구 허준로 23 109동 103호(가양동 한강타운아파트),3,60,8,19,19,37.5711468,126.8455992,0,1.167,0.041023044,0,1,0
강서구,아기새어린이집,가정,서울특별시 강서구 양천로6길 57 102동 106호(방화동 이편한세상아파트),4,93,10,20,20,37.570006,126.8080349,1,2.083,0.04095444,0,1,1
강서구,아띠어린이집,가정,서울특별시 강서구 까치산로4다길 20 (화곡동),3,48,5,14,11,37.53991469,126.8452623,0,2.667,0.018140503,0,1,0
강서구,아란어린이집,민간,서울특별시 강서구 양천로71가길 43,7,309,16,95,53,37.55225474,126.8746336,0,1.5,0.020201526,0,1,0
강서구,아름드리어린이집,가정,서울특별시 강서구 까치산로4라길 20 (화곡동),3,54,5,19,14,37.53899261,126.8457051,0,2.667,0.01738649,0,1,0
강서구,아이꿈어린이집,가정,서울특별시 강서구 공항대로39길 74 505동 105호(등촌동 등촌주공5단지아파트),4,41,3,15,8,37.56044426,126.844863,0,2.5,0.025388085,0,0,0
강서구,아이뜰어린이집,가정,서울특별시 강서구 강서로17가길 14 나동 101호(화곡동 계명아파트),3,51,8,16,11,37.53374943,126.8444827,0,2.417,0.013611079,0,1,0
강서구,아이랑어린이집,가정,서울특별시 강서구 양천로3길 17 101동 106호(방화동 개화산 동부센트레빌),4,50,7,18,14,37.57297643,126.8062925,0,1.75,0.033937848,0,1,0
강서구,아이린어린이집,민간,서울특별시 강서구 초록마을로 157-19,6,127,8,48,28,37.5355037,126.8476018,0,2.5,0.015196508,3.394,0,0
강서구,아이삭어린이집,가정,서울특별시 강서구 강서로47길 108 106동 101호(내발산동 마곡수명산파크1단지아파트),4,69,8,20,14,37.55427354,126.8309019,1,2.667,0.026385223,0,1,1
강서구,아이큰숲자연학교어린이집,민간,서울특별시 강서구 초록마을로21길 37 아이큰숲자연학교,4,284,12,66,54,37.54097205,126.8532596,0,1.417,0.03036231,0,1,0
강서구,아이파크어린이집,가정,서울특별시 강서구 등촌로 163 203동 103호(등촌동 등촌동아이파크아파트),4,55,4,19,11,37.54315626,126.8591506,0,1,0.031976215,0,1,0
강서구,아장닷컴어린이집,가정,서울특별시 강서구 화곡로42나길 30-17,3,78,5,18,15,37.54737689,126.8478124,0,2.333,0.025656213,11.313,1,0
강서구,아장아장어린이집,가정,서울특별시 강서구 방화대로47가길 22 404동 103호(방화동 삼환아파트),3,63,8,20,19,37.5768495,126.8139493,0,2.25,0.029870492,0,1,0
강서구,아침해 어린이집,민간,서울특별시 강서구 양천로 731 동아3차아파트 관리소2층 아침해어린이집,5,98,9,37,37,37.5502584,126.8774247,0,1.083,0.03103469,0,0,0
강서구,애솔 어린이집,국공립,서울특별시 강서구 초록마을로 162-30,3,109,6,35,12,37.5368178,126.8465469,0,2.333,0.012868349,0,1,1
강서구,어린왕자어린이집,민간,서울특별시 강서구 강서로18가길 25 (화곡동),6,186,5,69,19,37.53505599,126.8462733,0,2.5,0.014679501,3.394,0,0
강서구,엄마품어린이집,가정,서울특별시 강서구 허준로 23 101동 104호(가양동 한강타운),3,54,7,19,18,37.57088739,126.8436018,0,1.167,0.036522567,0,0,0
강서구,에반어린이집,민간,서울특별시 강서구 강서로12길 23-7,5,120,10,45,43,37.53208711,126.847951,0,2.583,0.022229835,6.788,1,0
강서구,엔젤어린이집,가정,서울특별시 강서구 우현로 67 119동 103호,3,60,7,20,20,37.54641768,126.8395735,0,2.833,0.022145826,0,1,0
강서구,열매어린이집,가정,서울특별시 강서구 강서로35길 47-5 (화곡3동 1047-6) 허벌빌 101호,3,46,6,15,5,37.54239259,126.8363799,1,2.333,0.010050839,0,1,1
강서구,염창누리봄어린이집,가정,서울특별시 강서구 양천로69길 58 염창동 동아1차 아파트 101-112,3,68,7,19,19,37.55474034,126.872585,0,1.417,0.02118885,0,1,0
강서구,염창어린이집,국공립,서울특별시 강서구 공항대로65길 43 염창어린이집 (염창동),5,360,12,84,48,37.55037127,126.8694845,0,1.583,0.020495366,0,1,1
강서구,예꿈어린이집,가정,서울특별시 강서구 월정로 160 화곡대림아파트 1동 104호 (화곡동 361-1),3,52,7,19,19,37.53394131,126.8380757,0,1.667,0.022030479,8.298,1,0
강서구,예손어린이집,민간,서울특별시 강서구 양천로57길 26 예손어린이집 (가양동),4,108,6,39,19,37.56393919,126.8529259,0,2.25,0.024407756,0,1,0
강서구,예솔어린이집,가정,서울특별시 강서구 강서로18다길 33,4,87,3,20,6,37.53560638,126.8468831,0,2.25,0.014662773,3.394,1,0
강서구,예심어린이집,가정,서울특별시 강서구 화곡로31길 18-3,3,55,6,20,14,37.54431085,126.8423477,0,2.917,0.013677685,0,0,0
강서구,예원비전스쿨어린이집,민간,서울특별시 강서구 강서로24길 65 (화곡동),7,213,10,72,34,37.5394472,126.8462913,0,2.667,0.016602495,0,0,0
강서구,예은어린이집,민간,서울특별시 강서구 방화대로49길 52,11,364,20,137,104,37.57811462,126.8148886,0,2.5,0.039774339,0,1,0
강서구,오즈 어린이집,가정,서울특별시 강서구 방화대로45길 32 101동 102호(방화동 방화동부센트레빌),4,56,7,20,20,37.57484322,126.8143816,1,2.583,0.02483394,0,1,1
강서구,오즈의마법사어린이집,민간,서울특별시 강서구 수명로1길 16 412동 1층(내발산동 마곡수명산파크4단지아파트),5,130,11,47,38,37.55162512,126.823552,0,2,0.027855693,3.394,1,0
강서구,우리아이어린이집,가정,서울특별시 강서구 양천로30길 108 101동 101호,4,55,6,19,11,37.56793636,126.8226901,0,1.833,0.016300507,0,1,0
강서구,유성어린이집,민간,서울특별시 강서구 강서로48길 22 (내발산동),4,95,3,32,5,37.5524589,126.837742,0,2.5,0.014220557,2.121,0,0
강서구,유창어린이집,가정,서울특별시 강서구 우장산로2길 21-22 101동 103호(내발산동 신세계5차),3,79,7,20,20,37.55348264,126.8387549,1,2.75,0.030741392,4.242,1,1
강서구,은빛어린이집,국공립,서울특별시 강서구 방화대로44길 49,4,176,9,66,40,37.57122529,126.8184459,0,2.167,0.02659033,0,1,1
강서구,은초록어린이집,국공립,서울특별시 강서구 공항대로39길 59 은초록어린이집 (등촌동),5,495,15,104,84,37.56071982,126.8437249,0,2.583,0.044275875,0,1,1
강서구,이레어린이집,민간,서울특별시 강서구 금낭화로11길 48 (방화동 583-37),9,338,21,128,98,37.56946413,126.8100341,0,2,0.036642528,0,0,0
강서구,이화의료원어린이집,직장,서울특별시 강서구 공항대로 260 B관 4층,3,92,11,30,15,37.55704866,126.8365332,0,2.417,0.023077907,2.121,1,0
강서구,자연어린이집,가정,서울특별시 강서구 방화대로 259 101동 104호(공항동해태아파트),3,71,7,20,18,37.56367987,126.8157987,0,2.25,0.018402086,0,1,0
강서구,잘자람어린이집,가정,서울특별시 강서구 방화대로37길 26 방화현대아파트101-102,4,62,8,19,16,37.57054093,126.8143527,0,2.333,0.02180957,0,1,0
강서구,잼잼서밋어린이집,민간,서울특별시 강서구 양천로14길 118 우림상가 1층 (방화동),4,127,6,26,22,37.56867343,126.8085901,0,2.167,0.050089983,0,0,0
강서구,제일어린이집,민간,서울특별시 강서구 곰달래로53길 80 (화곡동),9,264,9,103,32,37.5348158,126.8577238,0,1.75,0.021398099,15.512,0,0
강서구,조은어린이집,가정,서울특별시 강서구 양천로6길 28 1206동 101호(방화동 방화도시개발공사아파트),3,43,7,16,15,37.5700915,126.8065971,1,1.5,0.038921842,0,1,1
강서구,주연어린이집,민간,서울특별시 강서구 까치산로12길 7-17,5,160,12,49,42,37.54543718,126.847669,1,2.5,0.021110359,4.525,1,1
강서구,주영어린이집,민간,서울특별시 강서구 등촌로39길 42,6,180,12,61,35,37.54643253,126.8603402,0,1.167,0.039436709,0,0,0
강서구,쥬빌리어린이집,가정,서울특별시 강서구 방화대로23길 60-15 (방화1동 611-165),4,39,4,13,4,37.56475918,126.8131644,0,2.417,0.01367358,0,1,0
강서구,지니어스어린이집,민간,서울특별시 강서구 화곡로68길 102 서울 시니어스 가양타워 1층,5,150,11,49,47,37.55698815,126.8593317,0,2.417,0.022842661,0,0,0
강서구,진영꼬마숲어린이집,가정,서울특별시 강서구 곰달래로27길 6 301호,3,63,3,20,10,37.53105654,126.8505552,0,2.167,0.023106884,2.263,1,0
강서구,천사어린이집,가정,서울특별시 강서구 강서로13길 28 (화곡동),4,65,9,20,19,37.53164208,126.8452253,0,2.417,0.022435196,0,1,0
강서구,초록별어린이집,가정,서울특별시 강서구 강서로45다길 30-27 106동 201호(화곡동 초록아파트),3,62,8,20,17,37.54521756,126.8334005,1,2.417,0.023773783,0,1,1
강서구,초록어린이집,국공립,서울특별시 강서구 초록마을로 81 (화곡동),5,250,12,67,63,37.54094342,126.8510676,0,1.667,0.0329684,0,1,1
강서구,초록영재어린이집,민간,서울특별시 강서구 초록마을로14길 2 (화곡동),6,137,7,39,22,37.54179033,126.8502179,0,1.833,0.022868053,0,0,0
강서구,초롱어린이집,가정,서울특별시 강서구 우현로 67 118-101(화곡동강서힐스테이트),3,62,6,20,17,37.54705736,126.8395495,0,3.167,0.020885688,0,1,0
강서구,캥거루어린이집,민간,서울특별시 강서구 가로공원로76길 9 (화곡동),5,77,10,29,26,37.53660049,126.8373345,0,1.75,0.021624078,0,0,0
강서구,코코베베어린이집,가정,서울특별시 강서구 양천로75길 57 104동 102호(염창동 현대1차아파트),4,62,6,20,9,37.55283077,126.8752081,0,1.333,0.014417096,0,1,0
강서구,키즈파랑새어린이집,가정,서울특별시 강서구 공항대로58길 46 등촌동 532-7,4,61,3,19,9,37.5497792,126.8621852,0,1.417,0.019554094,0,0,0
강서구,토란어린이집,가정,서울특별시 강서구 방화대로34길 113 101동 105호(방화동 방화삼성아파트),4,51,3,19,6,37.57210719,126.8221793,0,1.5,0.019130827,0,1,0
강서구,튼튼어린이집,민간,서울특별시 강서구 등촌로39라길 21 (등촌동),6,153,14,57,50,37.54688454,126.8613531,0,1.167,0.043953633,0,0,0
강서구,튼튼키즈어린이집,민간,서울특별시 강서구 등촌로39라길 19,5,174,7,57,24,37.54681268,126.8611931,0,1.167,0.03619527,0,1,0
강서구,파란하늘빛어린이집,가정,서울특별시 강서구 양천로47길 94 101동 105호(마곡동 금호어울림아파트),3,58,8,20,17,37.57466996,126.8374102,1,0.917,0.075752589,0,1,1
강서구,포도나무어린이집,가정,서울특별시 강서구 마곡중앙로 36 마곡엠벨리 15단지 1513-127,3,60,5,20,15,37.5573182,126.8272989,0,1.833,0.023051872,0,1,0
강서구,포도원어린이집,가정,서울특별시 강서구 금낭화로23길 8 110동 103호(방화동 동성아파트),3,60,8,19,18,37.58006271,126.8118412,1,1.75,0.046736085,0,1,1
강서구,푸르미어린이집,가정,서울특별시 강서구 양천로67길 32 103동 105호(염창동 신동아아파트),3,54,8,19,19,37.55468062,126.8694672,0,1.417,0.017053316,0,0,0
강서구,푸른꿈어린이집,가정,서울특별시 강서구 공항대로55길 50 203동 101호(등촌동 대동황토방2차아파트),3,88,7,20,19,37.55539608,126.8627689,0,2.25,0.022456841,0,1,0
강서구,푸른어린이집,국공립,서울특별시 강서구 화곡로63가길 92 (등촌동),5,240,11,77,64,37.5617887,126.8498544,0,2.5,0.032410857,0,1,1
강서구,하나린어린이집,민간,서울특별시 강서구 수명로1길 133,6,230,15,83,75,37.55391431,126.8255101,0,1.917,0.028215704,5.091,1,0
강서구,하나영재어린이집,민간,서울특별시 강서구 양천로 507 강나루현대아파트 단지내 (가양동),6,193,10,74,46,37.56073658,126.8569501,0,2.833,0.028118459,0,0,0
강서구,하늘누리어린이집,가정,서울특별시 강서구 남부순환로17길 58 1층,4,90,3,20,4,37.54743636,126.8243352,0,1.083,0.028265869,1.697,1,0
강서구,하늘샘어린이집,국공립,서울특별시 강서구 강서로47다길 35,5,189,13,71,64,37.55132626,126.8343098,0,2.583,0.026655028,0,1,1
강서구,하얀돌어린이집,국공립,서울특별시 강서구 등촌로39가길 10 (등촌동),4,144,10,57,38,37.54587052,126.8600083,0,1.083,0.047925461,0,1,1
강서구,하얀마음어린이집,민간,서울특별시 강서구 초록마을로14길 24 (화곡동),3,84,7,21,12,37.54135543,126.8491486,0,2.083,0.019974541,1.131,1,0
강서구,하울어린이집,가정,서울특별시 강서구 등촌로53길 39 103동 107호,4,59,8,20,14,37.54923923,126.8620984,0,1.417,0.01905276,0,1,0
강서구,하은어린이집,가정,서울특별시 강서구 강서로56나길 37 305동 104호(등촌동 등촌주공3단지아파트),3,40,6,13,11,37.56159961,126.841335,0,2.083,0.027645197,0,1,0
강서구,하하호호어린이집,가정,서울특별시 강서구 공항대로75길 30 삼정그린코아 102-106,3,84,7,19,19,37.54785775,126.8744871,0,1.167,0.032150344,0,1,0
강서구,한결어린이집,가정,서울특별시 강서구 강서로 266 111동 103호(화곡동 우장산아이파크이편한세상아파트),3,84,8,19,19,37.54999982,126.8367763,1,2.417,0.024035258,1.273,1,1
강서구,한국공항공사어린이집,직장,서울특별시 강서구 하늘길 78 .,7,389,20,85,54,37.56078389,126.7996463,0,1.083,0.815001652,0,1,0
강서구,한마음 어린이집,가정,서울특별시 강서구 양천로 637 101동 103호(염창동 삼성한마음아파트),4,54,7,19,18,37.55446676,126.8682003,0,1.667,0.016341754,0,1,0
강서구,한울어린이집,국공립,서울특별시 강서구 우현로 34,6,308,15,90,77,37.5482876,126.8417709,0,3,0.025255641,0,1,1
강서구,해바라기어린이집,국공립,서울특별시 강서구 등촌로13자길 39-16,5,308,9,79,42,37.53732504,126.8558295,0,1.25,0.02588653,8.3,1,1
강서구,해솔어린이집,국공립,서울특별시 강서구 양천로57길 37 (가양동),5,218,17,104,60,37.56463947,126.8527378,0,2.417,0.024267227,0,1,1
강서구,해송어린이집,가정,서울특별시 강서구 강서로18바길 9 골든리치빌102호 (화곡동),3,45,6,16,11,37.53547946,126.8497742,0,2.167,0.016062385,3.394,1,0
강서구,해아띠스쿨어린이집,민간,서울특별시 강서구 초록마을로6길 37-13,6,253,15,94,76,37.54082092,126.846881,0,2.5,0.02415869,2.262,0,0
강서구,해울어린이집,민간,서울특별시 강서구 양천로 595 금호타운아파트 상가 1층 (염창동),3,74,10,27,27,37.55626626,126.8651173,0,2.25,0.018900401,0,0,0
강서구,해피랜드어린이집,가정,서울특별시 강서구 마곡중앙1로 71 1312동 106호(마곡동마곡13단지힐스테이트마스터),3,55,5,20,20,37.55808573,126.8193917,0,1.917,0.018286091,0,1,0
강서구,해피엔젤어린이집,민간,서울특별시 강서구 까치산로12길 59,6,173,15,64,64,37.54285967,126.8488174,0,2.167,0.026465239,2.262,1,0
강서구,햇살어린이집,가정,서울특별시 강서구 화곡로53길 43-13,4,50,8,19,18,37.55117365,126.8464308,0,1.917,0.019638586,3.394,0,0
강서구,현대i어린이집,민간,서울특별시 강서구 강서로 348 우장산 힐스테이트 관리동 1층,5,204,12,74,74,37.55720516,126.8381357,0,2.5,0.043141845,2.121,1,0
강서구,현대어린이집,가정,서울특별시 강서구 양천로75길 57 104동 109호(염창동 현대),3,65,10,20,20,37.55262116,126.8750812,0,1.417,0.020888521,0,1,0
강서구,현대키즈어린이집,가정,서울특별시 강서구 양천로75길 19 107동 104호(염창동 현대홈타운아파트),3,84,6,19,13,37.55139782,126.8748597,0,1.417,0.022454914,0,1,0
강서구,혜시의사과나무어린이집,민간,서울특별시 강서구 강서로45길 37 (화곡동),8,383,19,116,104,37.54780486,126.8341003,0,2.5,0.029390037,3.819,1,0
강서구,홈플러스어린이집,직장,서울특별시 강서구 화곡로 398 1층(등촌동 홈플러스 강서점 앤 본사사옥),4,187,15,49,34,37.55840515,126.8550192,0,3.083,0.026783279,0,1,0
강서구,화곡꼬마천사어린이집,가정,서울특별시 강서구 강서로26길 11 (화곡동),5,90,8,20,20,37.5394022,126.8427978,0,2.583,0.019531977,0,1,0
강서구,화곡어린이집,법인?단체등,서울특별시 강서구 까치산로 60 화곡어린이집 (화곡동),5,154,9,59,48,37.54390022,126.8465814,0,2.5,0.022491399,2.262,1,0
